market_date,ticker,label,asset_class,currency,close
2026-06-27,000001.SS,Shanghai Composite,equity,CNY,4027.265
2026-06-28,000001.SS,Shanghai Composite,equity,CNY,4027.265
2026-06-29,000001.SS,Shanghai Composite,equity,CNY,4073.902
2026-06-30,000001.SS,Shanghai Composite,equity,CNY,4094.397
2026-07-01,000001.SS,Shanghai Composite,equity,CNY,4112.445
2026-07-02,000001.SS,Shanghai Composite,equity,CNY,4028.904
2026-07-03,000001.SS,Shanghai Composite,equity,CNY,4043.643
2026-07-04,000001.SS,Shanghai Composite,equity,CNY,4043.643
2026-07-05,000001.SS,Shanghai Composite,equity,CNY,4043.643
2026-07-06,000001.SS,Shanghai Composite,equity,CNY,4041.2383
2026-07-07,000001.SS,Shanghai Composite,equity,CNY,3990.235
2026-07-08,000001.SS,Shanghai Composite,equity,CNY,3970.88
2026-07-09,000001.SS,Shanghai Composite,equity,CNY,4036.588
2026-07-10,000001.SS,Shanghai Composite,equity,CNY,3996.162
2026-07-11,000001.SS,Shanghai Composite,equity,CNY,3996.162
2026-07-12,000001.SS,Shanghai Composite,equity,CNY,3996.162
2026-07-13,000001.SS,Shanghai Composite,equity,CNY,3913.794
2026-07-14,000001.SS,Shanghai Composite,equity,CNY,3967.126
2026-07-15,000001.SS,Shanghai Composite,equity,CNY,3955.578
2026-07-16,000001.SS,Shanghai Composite,equity,CNY,3882.413
2026-07-17,000001.SS,Shanghai Composite,equity,CNY,3764.1548
2026-07-18,000001.SS,Shanghai Composite,equity,CNY,3764.155
2026-07-19,000001.SS,Shanghai Composite,equity,CNY,3764.155
2026-07-20,000001.SS,Shanghai Composite,equity,CNY,3796.2815
2026-07-21,000001.SS,Shanghai Composite,equity,CNY,3864.367
2026-07-22,000001.SS,Shanghai Composite,equity,CNY,3867.034
2026-07-23,000001.SS,Shanghai Composite,equity,CNY,3876.777
2026-07-24,000001.SS,Shanghai Composite,equity,CNY,3814.198
2026-07-25,000001.SS,Shanghai Composite,equity,CNY,3814.198
2026-07-26,000001.SS,Shanghai Composite,equity,CNY,3814.198
2026-07-27,000001.SS,Shanghai Composite,equity,CNY,3858.245
2026-07-28,000001.SS,Shanghai Composite,equity,CNY,3813.315
2026-07-29,000001.SS,Shanghai Composite,equity,CNY,3828.469
2026-07-30,000001.SS,Shanghai Composite,equity,CNY,3804.693
2026-07-31,000001.SS,Shanghai Composite,equity,CNY,3832.262
2026-08-01,000001.SS,Shanghai Composite,equity,CNY,3832.262
2026-08-02,000001.SS,Shanghai Composite,equity,CNY,3832.262
2026-08-03,000001.SS,Shanghai Composite,equity,CNY,3809.6628
2026-08-04,000001.SS,Shanghai Composite,equity,CNY,3822.285
2026-08-05,000001.SS,Shanghai Composite,equity,CNY,3878.43
2026-08-06,000001.SS,Shanghai Composite,equity,CNY,3900.352
2026-08-07,000001.SS,Shanghai Composite,equity,CNY,3940.037
2026-08-08,000001.SS,Shanghai Composite,equity,CNY,3940.037
2026-08-09,000001.SS,Shanghai Composite,equity,CNY,3940.037
2026-08-10,000001.SS,Shanghai Composite,equity,CNY,3966.594
2026-08-11,000001.SS,Shanghai Composite,equity,CNY,3934.093
2026-08-12,000001.SS,Shanghai Composite,equity,CNY,3946.675
2026-08-13,000001.SS,Shanghai Composite,equity,CNY,3926.965
2026-08-14,000001.SS,Shanghai Composite,equity,CNY,3927.177
2026-08-15,000001.SS,Shanghai Composite,equity,CNY,3927.177
2026-08-16,000001.SS,Shanghai Composite,equity,CNY,3927.177
2026-08-17,000001.SS,Shanghai Composite,equity,CNY,3982.6536
2026-08-18,000001.SS,Shanghai Composite,equity,CNY,3990.304
2026-08-19,000001.SS,Shanghai Composite,equity,CNY,3894.422
2026-08-20,000001.SS,Shanghai Composite,equity,CNY,3903.721
2026-08-21,000001.SS,Shanghai Composite,equity,CNY,3905.203
2026-08-22,000001.SS,Shanghai Composite,equity,CNY,3905.203
2026-08-23,000001.SS,Shanghai Composite,equity,CNY,3905.203
2026-08-24,000001.SS,Shanghai Composite,equity,CNY,3882.008
2026-08-25,000001.SS,Shanghai Composite,equity,CNY,3889.445
2026-08-28,000001.SS,Shanghai Composite,equity,CNY,3889.445
2026-08-29,000001.SS,Shanghai Composite,equity,CNY,3889.445
2026-08-30,000001.SS,Shanghai Composite,equity,CNY,3889.445
2026-08-31,000001.SS,Shanghai Composite,equity,CNY,3889.445
2026-09-01,000001.SS,Shanghai Composite,equity,CNY,3889.445
2026-09-02,000001.SS,Shanghai Composite,equity,CNY,3889.445
2026-09-03,000001.SS,Shanghai Composite,equity,CNY,3889.445
2026-06-27,BTC-USD,Bitcoin,crypto,USD,60168.78
2026-06-28,BTC-USD,Bitcoin,crypto,USD,59562.34
2026-06-29,BTC-USD,Bitcoin,crypto,USD,60233.35
2026-06-30,BTC-USD,Bitcoin,crypto,USD,58440.86
2026-07-01,BTC-USD,Bitcoin,crypto,USD,60436.9
2026-07-02,BTC-USD,Bitcoin,crypto,USD,61517.28
2026-07-03,BTC-USD,Bitcoin,crypto,USD,62665.67
2026-07-04,BTC-USD,Bitcoin,crypto,USD,63272.43
2026-07-05,BTC-USD,Bitcoin,crypto,USD,62704.77
2026-07-06,BTC-USD,Bitcoin,crypto,USD,64164.05
2026-07-07,BTC-USD,Bitcoin,crypto,USD,63551.03
2026-07-08,BTC-USD,Bitcoin,crypto,USD,62035.14
2026-07-09,BTC-USD,Bitcoin,crypto,USD,63284.07
2026-07-10,BTC-USD,Bitcoin,crypto,USD,63792.72
2026-07-11,BTC-USD,Bitcoin,crypto,USD,64351.56
2026-07-12,BTC-USD,Bitcoin,crypto,USD,64156.96
2026-07-13,BTC-USD,Bitcoin,crypto,USD,64198.72
2026-07-14,BTC-USD,Bitcoin,crypto,USD,64472.0
2026-07-15,BTC-USD,Bitcoin,crypto,USD,64941.11
2026-07-16,BTC-USD,Bitcoin,crypto,USD,64063.67
2026-07-17,BTC-USD,Bitcoin,crypto,USD,64015.06
2026-07-18,BTC-USD,Bitcoin,crypto,USD,64565.59
2026-07-19,BTC-USD,Bitcoin,crypto,USD,64433.0
2026-07-20,BTC-USD,Bitcoin,crypto,USD,65307.13
2026-07-21,BTC-USD,Bitcoin,crypto,USD,66313.62
2026-07-22,BTC-USD,Bitcoin,crypto,USD,65891.16
2026-07-23,BTC-USD,Bitcoin,crypto,USD,65112.47
2026-07-24,BTC-USD,Bitcoin,crypto,USD,64109.69
2026-07-25,BTC-USD,Bitcoin,crypto,USD,64254.36
2026-07-26,BTC-USD,Bitcoin,crypto,USD,64595.31
2026-07-27,BTC-USD,Bitcoin,crypto,USD,64842.95
2026-07-28,BTC-USD,Bitcoin,crypto,USD,63864.82
2026-07-29,BTC-USD,Bitcoin,crypto,USD,63450.42
2026-07-30,BTC-USD,Bitcoin,crypto,USD,64735.24
2026-07-31,BTC-USD,Bitcoin,crypto,USD,62882.11
2026-08-01,BTC-USD,Bitcoin,crypto,USD,62519.19
2026-08-02,BTC-USD,Bitcoin,crypto,USD,63422.99
2026-08-03,BTC-USD,Bitcoin,crypto,USD,63742.94
2026-08-04,BTC-USD,Bitcoin,crypto,USD,64262.59
2026-08-05,BTC-USD,Bitcoin,crypto,USD,64706.79
2026-08-06,BTC-USD,Bitcoin,crypto,USD,64786.2
2026-08-07,BTC-USD,Bitcoin,crypto,USD,64910.8
2026-08-08,BTC-USD,Bitcoin,crypto,USD,65025.18
2026-08-09,BTC-USD,Bitcoin,crypto,USD,65071.46
2026-08-10,BTC-USD,Bitcoin,crypto,USD,64053.81
2026-08-11,BTC-USD,Bitcoin,crypto,USD,63614.96
2026-08-12,BTC-USD,Bitcoin,crypto,USD,63485.99
2026-08-13,BTC-USD,Bitcoin,crypto,USD,63388.28
2026-08-14,BTC-USD,Bitcoin,crypto,USD,62884.78
2026-08-15,BTC-USD,Bitcoin,crypto,USD,63001.29
2026-08-16,BTC-USD,Bitcoin,crypto,USD,63062.94
2026-08-17,BTC-USD,Bitcoin,crypto,USD,64257.6
2026-08-18,BTC-USD,Bitcoin,crypto,USD,64607.34
2026-08-19,BTC-USD,Bitcoin,crypto,USD,68596.24
2026-08-20,BTC-USD,Bitcoin,crypto,USD,72693.75
2026-08-21,BTC-USD,Bitcoin,crypto,USD,77431.77
2026-08-22,BTC-USD,Bitcoin,crypto,USD,77421.39
2026-08-23,BTC-USD,Bitcoin,crypto,USD,77259.27
2026-08-24,BTC-USD,Bitcoin,crypto,USD,78771.61
2026-08-25,BTC-USD,Bitcoin,crypto,USD,79406.41
2026-08-28,BTC-USD,Bitcoin,crypto,USD,77740.80048112763
2026-08-29,BTC-USD,Bitcoin,crypto,USD,78225.42953991123
2026-08-30,BTC-USD,Bitcoin,crypto,USD,77507.78203006678
2026-08-31,BTC-USD,Bitcoin,crypto,USD,78804.41184232845
2026-09-01,BTC-USD,Bitcoin,crypto,USD,77291.57354778187
2026-09-02,BTC-USD,Bitcoin,crypto,USD,77160.0960250758
2026-09-03,BTC-USD,Bitcoin,crypto,USD,81261.02436045287
2026-06-27,BZ=F,Petrolio Brent,commodity,PCT,72.6
2026-06-28,BZ=F,Petrolio Brent,commodity,PCT,72.6
2026-06-29,BZ=F,Petrolio Brent,commodity,PCT,73.64
2026-06-30,BZ=F,Petrolio Brent,commodity,PCT,73.37
2026-07-01,BZ=F,Petrolio Brent,commodity,PCT,71.14
2026-07-02,BZ=F,Petrolio Brent,commodity,PCT,71.6
2026-07-03,BZ=F,Petrolio Brent,commodity,PCT,72.13
2026-07-04,BZ=F,Petrolio Brent,commodity,PCT,72.13
2026-07-05,BZ=F,Petrolio Brent,commodity,PCT,72.13
2026-07-06,BZ=F,Petrolio Brent,commodity,PCT,72.13
2026-07-07,BZ=F,Petrolio Brent,commodity,PCT,75.86
2026-07-08,BZ=F,Petrolio Brent,commodity,PCT,79.06
2026-07-09,BZ=F,Petrolio Brent,commodity,PCT,76.04
2026-07-10,BZ=F,Petrolio Brent,commodity,PCT,75.97
2026-07-11,BZ=F,Petrolio Brent,commodity,PCT,76.01
2026-07-12,BZ=F,Petrolio Brent,commodity,PCT,76.01
2026-07-13,BZ=F,Petrolio Brent,commodity,PCT,83.56
2026-07-14,BZ=F,Petrolio Brent,commodity,PCT,85.61
2026-07-15,BZ=F,Petrolio Brent,commodity,PCT,85.95
2026-07-16,BZ=F,Petrolio Brent,commodity,PCT,84.75
2026-07-17,BZ=F,Petrolio Brent,commodity,PCT,88.12
2026-07-18,BZ=F,Petrolio Brent,commodity,PCT,88.1
2026-07-19,BZ=F,Petrolio Brent,commodity,PCT,88.1
2026-07-20,BZ=F,Petrolio Brent,commodity,PCT,88.97
2026-07-21,BZ=F,Petrolio Brent,commodity,PCT,91.35
2026-07-22,BZ=F,Petrolio Brent,commodity,PCT,93.87
2026-07-23,BZ=F,Petrolio Brent,commodity,PCT,100.5
2026-07-24,BZ=F,Petrolio Brent,commodity,PCT,98.26
2026-07-25,BZ=F,Petrolio Brent,commodity,PCT,96.78
2026-07-26,BZ=F,Petrolio Brent,commodity,PCT,96.78
2026-07-27,BZ=F,Petrolio Brent,commodity,PCT,87.51
2026-07-28,BZ=F,Petrolio Brent,commodity,PCT,83.73
2026-07-29,BZ=F,Petrolio Brent,commodity,PCT,90.73
2026-07-30,BZ=F,Petrolio Brent,commodity,PCT,89.45
2026-07-31,BZ=F,Petrolio Brent,commodity,PCT,90.12
2026-08-01,BZ=F,Petrolio Brent,commodity,PCT,90.12
2026-08-02,BZ=F,Petrolio Brent,commodity,PCT,90.12
2026-08-03,BZ=F,Petrolio Brent,commodity,PCT,83.51
2026-08-04,BZ=F,Petrolio Brent,commodity,PCT,78.89
2026-08-05,BZ=F,Petrolio Brent,commodity,PCT,79.3
2026-08-06,BZ=F,Petrolio Brent,commodity,PCT,79.64
2026-08-07,BZ=F,Petrolio Brent,commodity,PCT,82.12
2026-08-08,BZ=F,Petrolio Brent,commodity,PCT,83.55
2026-08-09,BZ=F,Petrolio Brent,commodity,PCT,83.55
2026-08-10,BZ=F,Petrolio Brent,commodity,PCT,87.88
2026-08-11,BZ=F,Petrolio Brent,commodity,PCT,89.11
2026-08-12,BZ=F,Petrolio Brent,commodity,PCT,88.61
2026-08-13,BZ=F,Petrolio Brent,commodity,PCT,86.95
2026-08-14,BZ=F,Petrolio Brent,commodity,PCT,88.61
2026-08-15,BZ=F,Petrolio Brent,commodity,PCT,88.52
2026-08-16,BZ=F,Petrolio Brent,commodity,PCT,88.52
2026-08-17,BZ=F,Petrolio Brent,commodity,PCT,90.81
2026-08-18,BZ=F,Petrolio Brent,commodity,PCT,91.01
2026-08-19,BZ=F,Petrolio Brent,commodity,PCT,91.39
2026-08-20,BZ=F,Petrolio Brent,commodity,PCT,93.46
2026-08-21,BZ=F,Petrolio Brent,commodity,PCT,93.94
2026-08-22,BZ=F,Petrolio Brent,commodity,PCT,94.39
2026-08-23,BZ=F,Petrolio Brent,commodity,PCT,94.39
2026-08-24,BZ=F,Petrolio Brent,commodity,PCT,91.98
2026-08-25,BZ=F,Petrolio Brent,commodity,PCT,88.24
2026-08-28,BZ=F,Petrolio Brent,commodity,PCT,87.74
2026-09-01,BZ=F,Petrolio Brent,commodity,PCT,96.02
2026-06-27,CL=F,Petrolio WTI,commodity,PCT,69.23
2026-06-28,CL=F,Petrolio WTI,commodity,PCT,69.23
2026-06-29,CL=F,Petrolio WTI,commodity,PCT,70.42
2026-06-30,CL=F,Petrolio WTI,commodity,PCT,70.03
2026-07-01,CL=F,Petrolio WTI,commodity,PCT,68.09
2026-07-02,CL=F,Petrolio WTI,commodity,PCT,68.47
2026-07-03,CL=F,Petrolio WTI,commodity,PCT,68.78
2026-07-04,CL=F,Petrolio WTI,commodity,PCT,68.78
2026-07-05,CL=F,Petrolio WTI,commodity,PCT,68.78
2026-07-06,CL=F,Petrolio WTI,commodity,PCT,68.78
2026-07-07,CL=F,Petrolio WTI,commodity,PCT,72.2
2026-07-08,CL=F,Petrolio WTI,commodity,PCT,74.59
2026-07-09,CL=F,Petrolio WTI,commodity,PCT,71.81
2026-07-10,CL=F,Petrolio WTI,commodity,PCT,71.5
2026-07-11,CL=F,Petrolio WTI,commodity,PCT,71.41
2026-07-12,CL=F,Petrolio WTI,commodity,PCT,71.41
2026-07-13,CL=F,Petrolio WTI,commodity,PCT,78.32
2026-07-14,CL=F,Petrolio WTI,commodity,PCT,80.0
2026-07-15,CL=F,Petrolio WTI,commodity,PCT,80.43
2026-07-16,CL=F,Petrolio WTI,commodity,PCT,78.76
2026-07-17,CL=F,Petrolio WTI,commodity,PCT,81.78
2026-07-18,CL=F,Petrolio WTI,commodity,PCT,81.78
2026-07-19,CL=F,Petrolio WTI,commodity,PCT,81.78
2026-07-20,CL=F,Petrolio WTI,commodity,PCT,82.43
2026-07-21,CL=F,Petrolio WTI,commodity,PCT,84.51
2026-07-22,CL=F,Petrolio WTI,commodity,PCT,86.41
2026-07-23,CL=F,Petrolio WTI,commodity,PCT,92.28
2026-07-24,CL=F,Petrolio WTI,commodity,PCT,90.55
2026-07-25,CL=F,Petrolio WTI,commodity,PCT,89.31
2026-07-26,CL=F,Petrolio WTI,commodity,PCT,89.31
2026-07-27,CL=F,Petrolio WTI,commodity,PCT,81.71
2026-07-28,CL=F,Petrolio WTI,commodity,PCT,79.06
2026-07-29,CL=F,Petrolio WTI,commodity,PCT,84.7
2026-07-30,CL=F,Petrolio WTI,commodity,PCT,83.93
2026-07-31,CL=F,Petrolio WTI,commodity,PCT,84.51
2026-08-01,CL=F,Petrolio WTI,commodity,PCT,84.67
2026-08-02,CL=F,Petrolio WTI,commodity,PCT,84.67
2026-08-03,CL=F,Petrolio WTI,commodity,PCT,80.06
2026-08-04,CL=F,Petrolio WTI,commodity,PCT,75.35
2026-08-05,CL=F,Petrolio WTI,commodity,PCT,75.01
2026-08-06,CL=F,Petrolio WTI,commodity,PCT,75.2
2026-08-07,CL=F,Petrolio WTI,commodity,PCT,76.95
2026-08-08,CL=F,Petrolio WTI,commodity,PCT,78.18
2026-08-09,CL=F,Petrolio WTI,commodity,PCT,78.18
2026-08-10,CL=F,Petrolio WTI,commodity,PCT,82.28
2026-08-11,CL=F,Petrolio WTI,commodity,PCT,83.37
2026-08-12,CL=F,Petrolio WTI,commodity,PCT,82.87
2026-08-13,CL=F,Petrolio WTI,commodity,PCT,81.16
2026-08-14,CL=F,Petrolio WTI,commodity,PCT,82.43
2026-08-15,CL=F,Petrolio WTI,commodity,PCT,82.4
2026-08-16,CL=F,Petrolio WTI,commodity,PCT,82.4
2026-08-17,CL=F,Petrolio WTI,commodity,PCT,84.64
2026-08-18,CL=F,Petrolio WTI,commodity,PCT,84.16
2026-08-19,CL=F,Petrolio WTI,commodity,PCT,84.16
2026-08-20,CL=F,Petrolio WTI,commodity,PCT,86.52
2026-08-21,CL=F,Petrolio WTI,commodity,PCT,86.68
2026-08-22,CL=F,Petrolio WTI,commodity,PCT,87.06
2026-08-23,CL=F,Petrolio WTI,commodity,PCT,87.06
2026-08-24,CL=F,Petrolio WTI,commodity,PCT,85.04
2026-08-25,CL=F,Petrolio WTI,commodity,PCT,83.9
2026-08-28,CL=F,Petrolio WTI,commodity,PCT,82.33
2026-09-01,CL=F,Petrolio WTI,commodity,PCT,91.48
2026-08-21,DTWEXBGS,Indice dollaro Fed (broad),fx,PCT,118.0628
2026-08-28,DTWEXBGS,Indice dollaro Fed (broad),fx,PCT,118.7479
2026-06-27,DX-Y.NYB,Indice dollaro DXY,fx,USD,101.366
2026-06-28,DX-Y.NYB,Indice dollaro DXY,fx,USD,101.366
2026-06-29,DX-Y.NYB,Indice dollaro DXY,fx,USD,101.111
2026-06-30,DX-Y.NYB,Indice dollaro DXY,fx,USD,101.174
2026-07-01,DX-Y.NYB,Indice dollaro DXY,fx,USD,101.402
2026-07-02,DX-Y.NYB,Indice dollaro DXY,fx,USD,100.855
2026-07-03,DX-Y.NYB,Indice dollaro DXY,fx,USD,100.857
2026-07-04,DX-Y.NYB,Indice dollaro DXY,fx,USD,100.857
2026-07-05,DX-Y.NYB,Indice dollaro DXY,fx,USD,100.879
2026-07-06,DX-Y.NYB,Indice dollaro DXY,fx,USD,100.867
2026-07-07,DX-Y.NYB,Indice dollaro DXY,fx,USD,101.078
2026-07-08,DX-Y.NYB,Indice dollaro DXY,fx,USD,101.07
2026-07-09,DX-Y.NYB,Indice dollaro DXY,fx,USD,100.929
2026-07-10,DX-Y.NYB,Indice dollaro DXY,fx,USD,100.979
2026-07-11,DX-Y.NYB,Indice dollaro DXY,fx,USD,100.965
2026-07-12,DX-Y.NYB,Indice dollaro DXY,fx,USD,100.965
2026-07-13,DX-Y.NYB,Indice dollaro DXY,fx,USD,101.312
2026-07-14,DX-Y.NYB,Indice dollaro DXY,fx,USD,100.933
2026-07-15,DX-Y.NYB,Indice dollaro DXY,fx,USD,100.524
2026-07-16,DX-Y.NYB,Indice dollaro DXY,fx,USD,100.725
2026-07-17,DX-Y.NYB,Indice dollaro DXY,fx,USD,100.767
2026-07-18,DX-Y.NYB,Indice dollaro DXY,fx,USD,100.755
2026-07-19,DX-Y.NYB,Indice dollaro DXY,fx,USD,100.755
2026-07-20,DX-Y.NYB,Indice dollaro DXY,fx,USD,100.97
2026-07-21,DX-Y.NYB,Indice dollaro DXY,fx,USD,101.19
2026-07-22,DX-Y.NYB,Indice dollaro DXY,fx,USD,101.121
2026-07-23,DX-Y.NYB,Indice dollaro DXY,fx,USD,101.442
2026-07-24,DX-Y.NYB,Indice dollaro DXY,fx,USD,101.485
2026-07-25,DX-Y.NYB,Indice dollaro DXY,fx,USD,101.465
2026-07-26,DX-Y.NYB,Indice dollaro DXY,fx,USD,101.465
2026-07-27,DX-Y.NYB,Indice dollaro DXY,fx,USD,101.536
2026-07-28,DX-Y.NYB,Indice dollaro DXY,fx,USD,101.418
2026-07-29,DX-Y.NYB,Indice dollaro DXY,fx,USD,100.862
2026-07-30,DX-Y.NYB,Indice dollaro DXY,fx,USD,99.982
2026-07-31,DX-Y.NYB,Indice dollaro DXY,fx,USD,99.718
2026-08-01,DX-Y.NYB,Indice dollaro DXY,fx,USD,99.803
2026-08-02,DX-Y.NYB,Indice dollaro DXY,fx,USD,99.803
2026-08-03,DX-Y.NYB,Indice dollaro DXY,fx,USD,99.963
2026-08-04,DX-Y.NYB,Indice dollaro DXY,fx,USD,99.868
2026-08-05,DX-Y.NYB,Indice dollaro DXY,fx,USD,99.695
2026-08-06,DX-Y.NYB,Indice dollaro DXY,fx,USD,99.742
2026-08-07,DX-Y.NYB,Indice dollaro DXY,fx,USD,99.613
2026-08-08,DX-Y.NYB,Indice dollaro DXY,fx,USD,99.604
2026-08-09,DX-Y.NYB,Indice dollaro DXY,fx,USD,99.604
2026-08-10,DX-Y.NYB,Indice dollaro DXY,fx,USD,99.819
2026-08-11,DX-Y.NYB,Indice dollaro DXY,fx,USD,99.824
2026-08-12,DX-Y.NYB,Indice dollaro DXY,fx,USD,100.002
2026-08-13,DX-Y.NYB,Indice dollaro DXY,fx,USD,99.971
2026-08-14,DX-Y.NYB,Indice dollaro DXY,fx,USD,99.652
2026-08-15,DX-Y.NYB,Indice dollaro DXY,fx,USD,99.636
2026-08-16,DX-Y.NYB,Indice dollaro DXY,fx,USD,99.636
2026-08-17,DX-Y.NYB,Indice dollaro DXY,fx,USD,99.591
2026-08-18,DX-Y.NYB,Indice dollaro DXY,fx,USD,99.681
2026-08-19,DX-Y.NYB,Indice dollaro DXY,fx,USD,98.8
2026-08-20,DX-Y.NYB,Indice dollaro DXY,fx,USD,98.882
2026-08-21,DX-Y.NYB,Indice dollaro DXY,fx,USD,98.829
2026-08-22,DX-Y.NYB,Indice dollaro DXY,fx,USD,98.839
2026-08-23,DX-Y.NYB,Indice dollaro DXY,fx,USD,98.839
2026-08-24,DX-Y.NYB,Indice dollaro DXY,fx,USD,99.004
2026-08-25,DX-Y.NYB,Indice dollaro DXY,fx,USD,98.962
2026-08-28,DX-Y.NYB,Indice dollaro DXY,fx,USD,98.962
2026-08-29,DX-Y.NYB,Indice dollaro DXY,fx,USD,98.962
2026-08-30,DX-Y.NYB,Indice dollaro DXY,fx,USD,98.962
2026-08-31,DX-Y.NYB,Indice dollaro DXY,fx,USD,98.962
2026-09-01,DX-Y.NYB,Indice dollaro DXY,fx,USD,98.962
2026-09-02,DX-Y.NYB,Indice dollaro DXY,fx,USD,98.962
2026-09-03,DX-Y.NYB,Indice dollaro DXY,fx,USD,98.962
2026-06-27,ETH-USD,Ethereum,crypto,USD,1577.87
2026-06-28,ETH-USD,Ethereum,crypto,USD,1571.02
2026-06-29,ETH-USD,Ethereum,crypto,USD,1614.35
2026-06-30,ETH-USD,Ethereum,crypto,USD,1569.12
2026-07-01,ETH-USD,Ethereum,crypto,USD,1622.55
2026-07-02,ETH-USD,Ethereum,crypto,USD,1704.23
2026-07-03,ETH-USD,Ethereum,crypto,USD,1763.79
2026-07-04,ETH-USD,Ethereum,crypto,USD,1787.62
2026-07-05,ETH-USD,Ethereum,crypto,USD,1776.29
2026-07-06,ETH-USD,Ethereum,crypto,USD,1812.32
2026-07-07,ETH-USD,Ethereum,crypto,USD,1778.76
2026-07-08,ETH-USD,Ethereum,crypto,USD,1735.0
2026-07-09,ETH-USD,Ethereum,crypto,USD,1747.45
2026-07-10,ETH-USD,Ethereum,crypto,USD,1789.03
2026-07-11,ETH-USD,Ethereum,crypto,USD,1825.93
2026-07-12,ETH-USD,Ethereum,crypto,USD,1819.49
2026-07-13,ETH-USD,Ethereum,crypto,USD,1833.09
2026-07-14,ETH-USD,Ethereum,crypto,USD,1874.19
2026-07-15,ETH-USD,Ethereum,crypto,USD,1923.23
2026-07-16,ETH-USD,Ethereum,crypto,USD,1870.65
2026-07-17,ETH-USD,Ethereum,crypto,USD,1840.87
2026-07-18,ETH-USD,Ethereum,crypto,USD,1856.06
2026-07-19,ETH-USD,Ethereum,crypto,USD,1863.16
2026-07-20,ETH-USD,Ethereum,crypto,USD,1904.31
2026-07-21,ETH-USD,Ethereum,crypto,USD,1919.84
2026-07-22,ETH-USD,Ethereum,crypto,USD,1926.22
2026-07-23,ETH-USD,Ethereum,crypto,USD,1885.08
2026-07-24,ETH-USD,Ethereum,crypto,USD,1859.77
2026-07-25,ETH-USD,Ethereum,crypto,USD,1869.48
2026-07-26,ETH-USD,Ethereum,crypto,USD,1911.29
2026-07-27,ETH-USD,Ethereum,crypto,USD,1944.49
2026-07-28,ETH-USD,Ethereum,crypto,USD,1916.7
2026-07-29,ETH-USD,Ethereum,crypto,USD,1883.04
2026-07-30,ETH-USD,Ethereum,crypto,USD,1920.83
2026-07-31,ETH-USD,Ethereum,crypto,USD,1861.1
2026-08-01,ETH-USD,Ethereum,crypto,USD,1832.14
2026-08-02,ETH-USD,Ethereum,crypto,USD,1882.72
2026-08-03,ETH-USD,Ethereum,crypto,USD,1866.92
2026-08-04,ETH-USD,Ethereum,crypto,USD,1873.69
2026-08-05,ETH-USD,Ethereum,crypto,USD,1909.79
2026-08-06,ETH-USD,Ethereum,crypto,USD,1907.89
2026-08-07,ETH-USD,Ethereum,crypto,USD,1914.62
2026-08-08,ETH-USD,Ethereum,crypto,USD,1918.64
2026-08-09,ETH-USD,Ethereum,crypto,USD,1918.61
2026-08-10,ETH-USD,Ethereum,crypto,USD,1877.91
2026-08-11,ETH-USD,Ethereum,crypto,USD,1878.55
2026-08-12,ETH-USD,Ethereum,crypto,USD,1884.95
2026-08-13,ETH-USD,Ethereum,crypto,USD,1886.98
2026-08-14,ETH-USD,Ethereum,crypto,USD,1878.12
2026-08-15,ETH-USD,Ethereum,crypto,USD,1881.46
2026-08-16,ETH-USD,Ethereum,crypto,USD,1884.96
2026-08-17,ETH-USD,Ethereum,crypto,USD,1903.57
2026-08-18,ETH-USD,Ethereum,crypto,USD,1913.3
2026-08-19,ETH-USD,Ethereum,crypto,USD,2111.66
2026-08-20,ETH-USD,Ethereum,crypto,USD,2320.6
2026-08-21,ETH-USD,Ethereum,crypto,USD,2429.07
2026-08-22,ETH-USD,Ethereum,crypto,USD,2441.87
2026-08-23,ETH-USD,Ethereum,crypto,USD,2440.32
2026-08-24,ETH-USD,Ethereum,crypto,USD,2471.27
2026-08-25,ETH-USD,Ethereum,crypto,USD,2478.48
2026-08-28,ETH-USD,Ethereum,crypto,USD,2438.352944879322
2026-08-29,ETH-USD,Ethereum,crypto,USD,2454.1777946489783
2026-08-30,ETH-USD,Ethereum,crypto,USD,2413.24442535439
2026-08-31,ETH-USD,Ethereum,crypto,USD,2471.238836726134
2026-09-01,ETH-USD,Ethereum,crypto,USD,2413.639947965955
2026-09-02,ETH-USD,Ethereum,crypto,USD,2384.4283180658367
2026-09-03,ETH-USD,Ethereum,crypto,USD,2511.485109482995
2026-06-27,EURUSD=X,EUR/USD,fx,USD,1.139
2026-06-28,EURUSD=X,EUR/USD,fx,USD,1.139
2026-06-29,EURUSD=X,EUR/USD,fx,USD,1.1429
2026-06-30,EURUSD=X,EUR/USD,fx,USD,1.1423
2026-07-01,EURUSD=X,EUR/USD,fx,USD,1.1379
2026-07-02,EURUSD=X,EUR/USD,fx,USD,1.1436
2026-07-03,EURUSD=X,EUR/USD,fx,USD,1.144
2026-07-04,EURUSD=X,EUR/USD,fx,USD,1.144
2026-07-05,EURUSD=X,EUR/USD,fx,USD,1.1434
2026-07-06,EURUSD=X,EUR/USD,fx,USD,1.1446
2026-07-07,EURUSD=X,EUR/USD,fx,USD,1.1412
2026-07-08,EURUSD=X,EUR/USD,fx,USD,1.1418
2026-07-09,EURUSD=X,EUR/USD,fx,USD,1.1427
2026-07-10,EURUSD=X,EUR/USD,fx,USD,1.1419
2026-07-11,EURUSD=X,EUR/USD,fx,USD,1.1419
2026-07-12,EURUSD=X,EUR/USD,fx,USD,1.1405
2026-07-13,EURUSD=X,EUR/USD,fx,USD,1.1383
2026-07-14,EURUSD=X,EUR/USD,fx,USD,1.1425
2026-07-15,EURUSD=X,EUR/USD,fx,USD,1.1468
2026-07-16,EURUSD=X,EUR/USD,fx,USD,1.1447
2026-07-17,EURUSD=X,EUR/USD,fx,USD,1.144
2026-07-18,EURUSD=X,EUR/USD,fx,USD,1.1446
2026-07-19,EURUSD=X,EUR/USD,fx,USD,1.1431
2026-07-20,EURUSD=X,EUR/USD,fx,USD,1.1419
2026-07-21,EURUSD=X,EUR/USD,fx,USD,1.1403
2026-07-22,EURUSD=X,EUR/USD,fx,USD,1.1414
2026-07-23,EURUSD=X,EUR/USD,fx,USD,1.138
2026-07-24,EURUSD=X,EUR/USD,fx,USD,1.1374
2026-07-25,EURUSD=X,EUR/USD,fx,USD,1.1375
2026-07-26,EURUSD=X,EUR/USD,fx,USD,1.1399
2026-07-27,EURUSD=X,EUR/USD,fx,USD,1.1368
2026-07-28,EURUSD=X,EUR/USD,fx,USD,1.1383
2026-07-29,EURUSD=X,EUR/USD,fx,USD,1.1472
2026-07-30,EURUSD=X,EUR/USD,fx,USD,1.1533
2026-07-31,EURUSD=X,EUR/USD,fx,USD,1.1533
2026-08-01,EURUSD=X,EUR/USD,fx,USD,1.1527
2026-08-02,EURUSD=X,EUR/USD,fx,USD,1.1553
2026-08-03,EURUSD=X,EUR/USD,fx,USD,1.1513
2026-08-04,EURUSD=X,EUR/USD,fx,USD,1.153
2026-08-05,EURUSD=X,EUR/USD,fx,USD,1.1562
2026-08-06,EURUSD=X,EUR/USD,fx,USD,1.1546
2026-08-07,EURUSD=X,EUR/USD,fx,USD,1.1561
2026-08-08,EURUSD=X,EUR/USD,fx,USD,1.1562
2026-08-09,EURUSD=X,EUR/USD,fx,USD,1.1562
2026-08-10,EURUSD=X,EUR/USD,fx,USD,1.1545
2026-08-11,EURUSD=X,EUR/USD,fx,USD,1.1545
2026-08-12,EURUSD=X,EUR/USD,fx,USD,1.1527
2026-08-13,EURUSD=X,EUR/USD,fx,USD,1.1531
2026-08-14,EURUSD=X,EUR/USD,fx,USD,1.1571
2026-08-15,EURUSD=X,EUR/USD,fx,USD,1.1573
2026-08-16,EURUSD=X,EUR/USD,fx,USD,1.1573
2026-08-17,EURUSD=X,EUR/USD,fx,USD,1.1582
2026-08-18,EURUSD=X,EUR/USD,fx,USD,1.1575
2026-08-19,EURUSD=X,EUR/USD,fx,USD,1.168
2026-08-20,EURUSD=X,EUR/USD,fx,USD,1.168
2026-08-21,EURUSD=X,EUR/USD,fx,USD,1.1682
2026-08-22,EURUSD=X,EUR/USD,fx,USD,1.1678
2026-08-23,EURUSD=X,EUR/USD,fx,USD,1.1678
2026-08-24,EURUSD=X,EUR/USD,fx,USD,1.1667
2026-08-25,EURUSD=X,EUR/USD,fx,USD,1.1678
2026-08-27,EURUSD=X,EUR/USD,fx,USD,1.1645
2026-08-28,EURUSD=X,EUR/USD,fx,USD,1.1643
2026-08-31,EURUSD=X,EUR/USD,fx,USD,1.1596
2026-09-01,EURUSD=X,EUR/USD,fx,USD,1.159
2026-09-02,EURUSD=X,EUR/USD,fx,USD,1.1578
2026-09-03,EURUSD=X,EUR/USD,fx,USD,1.1615
2026-06-27,FTSEMIB.MI,FTSE MIB,equity,EUR,51265.35
2026-06-28,FTSEMIB.MI,FTSE MIB,equity,EUR,51265.35
2026-06-29,FTSEMIB.MI,FTSE MIB,equity,EUR,51163.2
2026-06-30,FTSEMIB.MI,FTSE MIB,equity,EUR,51682.43
2026-07-01,FTSEMIB.MI,FTSE MIB,equity,EUR,51604.56
2026-07-02,FTSEMIB.MI,FTSE MIB,equity,EUR,52428.18
2026-07-03,FTSEMIB.MI,FTSE MIB,equity,EUR,52818.85
2026-07-04,FTSEMIB.MI,FTSE MIB,equity,EUR,52818.85
2026-07-05,FTSEMIB.MI,FTSE MIB,equity,EUR,52818.85
2026-07-06,FTSEMIB.MI,FTSE MIB,equity,EUR,52959.14
2026-07-07,FTSEMIB.MI,FTSE MIB,equity,EUR,52455.44
2026-07-08,FTSEMIB.MI,FTSE MIB,equity,EUR,51817.25
2026-07-09,FTSEMIB.MI,FTSE MIB,equity,EUR,52381.92
2026-07-10,FTSEMIB.MI,FTSE MIB,equity,EUR,52614.17
2026-07-11,FTSEMIB.MI,FTSE MIB,equity,EUR,52614.17
2026-07-12,FTSEMIB.MI,FTSE MIB,equity,EUR,52614.17
2026-07-13,FTSEMIB.MI,FTSE MIB,equity,EUR,52809.35
2026-07-14,FTSEMIB.MI,FTSE MIB,equity,EUR,52862.5
2026-07-15,FTSEMIB.MI,FTSE MIB,equity,EUR,52411.25
2026-07-16,FTSEMIB.MI,FTSE MIB,equity,EUR,52373.96
2026-07-17,FTSEMIB.MI,FTSE MIB,equity,EUR,51882.28
2026-07-18,FTSEMIB.MI,FTSE MIB,equity,EUR,51882.28
2026-07-19,FTSEMIB.MI,FTSE MIB,equity,EUR,51882.28
2026-07-20,FTSEMIB.MI,FTSE MIB,equity,EUR,51862.79
2026-07-21,FTSEMIB.MI,FTSE MIB,equity,EUR,52285.09
2026-07-22,FTSEMIB.MI,FTSE MIB,equity,EUR,52792.04
2026-07-23,FTSEMIB.MI,FTSE MIB,equity,EUR,51315.84
2026-07-24,FTSEMIB.MI,FTSE MIB,equity,EUR,51802.23
2026-07-25,FTSEMIB.MI,FTSE MIB,equity,EUR,51802.23
2026-07-26,FTSEMIB.MI,FTSE MIB,equity,EUR,51802.23
2026-07-27,FTSEMIB.MI,FTSE MIB,equity,EUR,52054.95
2026-07-28,FTSEMIB.MI,FTSE MIB,equity,EUR,51698.19
2026-07-29,FTSEMIB.MI,FTSE MIB,equity,EUR,51443.11
2026-07-30,FTSEMIB.MI,FTSE MIB,equity,EUR,52104.38
2026-07-31,FTSEMIB.MI,FTSE MIB,equity,EUR,52172.53
2026-08-01,FTSEMIB.MI,FTSE MIB,equity,EUR,52172.53
2026-08-02,FTSEMIB.MI,FTSE MIB,equity,EUR,52172.53
2026-08-03,FTSEMIB.MI,FTSE MIB,equity,EUR,52871.72
2026-08-04,FTSEMIB.MI,FTSE MIB,equity,EUR,53540.5
2026-08-05,FTSEMIB.MI,FTSE MIB,equity,EUR,53446.8
2026-08-06,FTSEMIB.MI,FTSE MIB,equity,EUR,53795.31
2026-08-07,FTSEMIB.MI,FTSE MIB,equity,EUR,53717.19
2026-08-08,FTSEMIB.MI,FTSE MIB,equity,EUR,53717.19
2026-08-09,FTSEMIB.MI,FTSE MIB,equity,EUR,53717.19
2026-08-10,FTSEMIB.MI,FTSE MIB,equity,EUR,53663.88
2026-08-11,FTSEMIB.MI,FTSE MIB,equity,EUR,53706.21
2026-08-12,FTSEMIB.MI,FTSE MIB,equity,EUR,53698.66
2026-08-13,FTSEMIB.MI,FTSE MIB,equity,EUR,53693.27
2026-08-14,FTSEMIB.MI,FTSE MIB,equity,EUR,53583.61
2026-08-15,FTSEMIB.MI,FTSE MIB,equity,EUR,53583.61
2026-08-16,FTSEMIB.MI,FTSE MIB,equity,EUR,53583.61
2026-08-17,FTSEMIB.MI,FTSE MIB,equity,EUR,53586.98
2026-08-18,FTSEMIB.MI,FTSE MIB,equity,EUR,53017.84
2026-08-19,FTSEMIB.MI,FTSE MIB,equity,EUR,52618.2
2026-08-20,FTSEMIB.MI,FTSE MIB,equity,EUR,52665.82
2026-08-21,FTSEMIB.MI,FTSE MIB,equity,EUR,52668.04
2026-08-22,FTSEMIB.MI,FTSE MIB,equity,EUR,52668.04
2026-08-23,FTSEMIB.MI,FTSE MIB,equity,EUR,52668.04
2026-08-24,FTSEMIB.MI,FTSE MIB,equity,EUR,52542.18
2026-08-25,FTSEMIB.MI,FTSE MIB,equity,EUR,52732.33
2026-08-28,FTSEMIB.MI,FTSE MIB,equity,EUR,52732.33
2026-08-29,FTSEMIB.MI,FTSE MIB,equity,EUR,52732.33
2026-08-30,FTSEMIB.MI,FTSE MIB,equity,EUR,52732.33
2026-08-31,FTSEMIB.MI,FTSE MIB,equity,EUR,52732.33
2026-09-01,FTSEMIB.MI,FTSE MIB,equity,EUR,52732.33
2026-09-02,FTSEMIB.MI,FTSE MIB,equity,EUR,52732.33
2026-09-03,FTSEMIB.MI,FTSE MIB,equity,EUR,52732.33
2026-06-27,GBPUSD=X,GBP/USD,fx,PCT,1.3198
2026-06-28,GBPUSD=X,GBP/USD,fx,PCT,1.3198
2026-06-29,GBPUSD=X,GBP/USD,fx,PCT,1.3255
2026-06-30,GBPUSD=X,GBP/USD,fx,PCT,1.3259
2026-07-01,GBPUSD=X,GBP/USD,fx,PCT,1.328
2026-07-02,GBPUSD=X,GBP/USD,fx,PCT,1.3348
2026-07-03,GBPUSD=X,GBP/USD,fx,PCT,1.335
2026-07-04,GBPUSD=X,GBP/USD,fx,PCT,1.335
2026-07-05,GBPUSD=X,GBP/USD,fx,PCT,1.335
2026-07-06,GBPUSD=X,GBP/USD,fx,PCT,1.3388
2026-07-07,GBPUSD=X,GBP/USD,fx,PCT,1.3357
2026-07-08,GBPUSD=X,GBP/USD,fx,PCT,1.3396
2026-07-09,GBPUSD=X,GBP/USD,fx,PCT,1.3413
2026-07-10,GBPUSD=X,GBP/USD,fx,PCT,1.3398
2026-07-11,GBPUSD=X,GBP/USD,fx,PCT,1.3398
2026-07-12,GBPUSD=X,GBP/USD,fx,PCT,1.3387
2026-07-13,GBPUSD=X,GBP/USD,fx,PCT,1.3345
2026-07-14,GBPUSD=X,GBP/USD,fx,PCT,1.3391
2026-07-15,GBPUSD=X,GBP/USD,fx,PCT,1.3539
2026-07-16,GBPUSD=X,GBP/USD,fx,PCT,1.348
2026-07-17,GBPUSD=X,GBP/USD,fx,PCT,1.3453
2026-07-18,GBPUSD=X,GBP/USD,fx,PCT,1.3452
2026-07-19,GBPUSD=X,GBP/USD,fx,PCT,1.3441
2026-07-20,GBPUSD=X,GBP/USD,fx,PCT,1.3433
2026-07-21,GBPUSD=X,GBP/USD,fx,PCT,1.3374
2026-07-22,GBPUSD=X,GBP/USD,fx,PCT,1.3383
2026-07-23,GBPUSD=X,GBP/USD,fx,PCT,1.3316
2026-07-24,GBPUSD=X,GBP/USD,fx,PCT,1.3323
2026-07-25,GBPUSD=X,GBP/USD,fx,PCT,1.3321
2026-07-26,GBPUSD=X,GBP/USD,fx,PCT,1.3347
2026-07-27,GBPUSD=X,GBP/USD,fx,PCT,1.3292
2026-07-28,GBPUSD=X,GBP/USD,fx,PCT,1.3301
2026-07-29,GBPUSD=X,GBP/USD,fx,PCT,1.3365
2026-07-30,GBPUSD=X,GBP/USD,fx,PCT,1.3464
2026-07-31,GBPUSD=X,GBP/USD,fx,PCT,1.3483
2026-08-01,GBPUSD=X,GBP/USD,fx,PCT,1.3482
2026-08-02,GBPUSD=X,GBP/USD,fx,PCT,1.3493
2026-08-03,GBPUSD=X,GBP/USD,fx,PCT,1.3434
2026-08-04,GBPUSD=X,GBP/USD,fx,PCT,1.345
2026-08-05,GBPUSD=X,GBP/USD,fx,PCT,1.3464
2026-08-06,GBPUSD=X,GBP/USD,fx,PCT,1.3457
2026-08-07,GBPUSD=X,GBP/USD,fx,PCT,1.349
2026-08-08,GBPUSD=X,GBP/USD,fx,PCT,1.3492
2026-08-09,GBPUSD=X,GBP/USD,fx,PCT,1.3495
2026-08-10,GBPUSD=X,GBP/USD,fx,PCT,1.3507
2026-08-11,GBPUSD=X,GBP/USD,fx,PCT,1.3506
2026-08-12,GBPUSD=X,GBP/USD,fx,PCT,1.3494
2026-08-13,GBPUSD=X,GBP/USD,fx,PCT,1.3487
2026-08-14,GBPUSD=X,GBP/USD,fx,PCT,1.3536
2026-08-15,GBPUSD=X,GBP/USD,fx,PCT,1.3536
2026-08-16,GBPUSD=X,GBP/USD,fx,PCT,1.3533
2026-08-17,GBPUSD=X,GBP/USD,fx,PCT,1.3544
2026-08-18,GBPUSD=X,GBP/USD,fx,PCT,1.3531
2026-08-19,GBPUSD=X,GBP/USD,fx,PCT,1.3604
2026-08-20,GBPUSD=X,GBP/USD,fx,PCT,1.363
2026-08-21,GBPUSD=X,GBP/USD,fx,PCT,1.3644
2026-08-22,GBPUSD=X,GBP/USD,fx,PCT,1.3648
2026-08-23,GBPUSD=X,GBP/USD,fx,PCT,1.3628
2026-08-24,GBPUSD=X,GBP/USD,fx,PCT,1.3632
2026-08-25,GBPUSD=X,GBP/USD,fx,PCT,1.3639
2026-08-28,GBPUSD=X,GBP/USD,fx,PCT,1.3555
2026-06-27,GC=F,Oro (spot),commodity,USD,4096.3
2026-06-28,GC=F,Oro (spot),commodity,USD,4096.3
2026-06-29,GC=F,Oro (spot),commodity,USD,4030.5
2026-06-30,GC=F,Oro (spot),commodity,USD,4021.8
2026-07-01,GC=F,Oro (spot),commodity,USD,4044.6
2026-07-02,GC=F,Oro (spot),commodity,USD,4133.4
2026-07-03,GC=F,Oro (spot),commodity,USD,4187.3
2026-07-04,GC=F,Oro (spot),commodity,USD,4187.3
2026-07-05,GC=F,Oro (spot),commodity,USD,4187.3
2026-07-06,GC=F,Oro (spot),commodity,USD,4187.3
2026-07-07,GC=F,Oro (spot),commodity,USD,4116.6
2026-07-08,GC=F,Oro (spot),commodity,USD,4087.1
2026-07-09,GC=F,Oro (spot),commodity,USD,4132.6
2026-07-10,GC=F,Oro (spot),commodity,USD,4122.3
2026-07-11,GC=F,Oro (spot),commodity,USD,4113.7
2026-07-12,GC=F,Oro (spot),commodity,USD,4113.7
2026-07-13,GC=F,Oro (spot),commodity,USD,4006.8
2026-07-14,GC=F,Oro (spot),commodity,USD,4056.6
2026-07-15,GC=F,Oro (spot),commodity,USD,4067.8
2026-07-16,GC=F,Oro (spot),commodity,USD,3979.5
2026-07-17,GC=F,Oro (spot),commodity,USD,4015.3
2026-07-18,GC=F,Oro (spot),commodity,USD,4018.8
2026-07-19,GC=F,Oro (spot),commodity,USD,4018.8
2026-07-20,GC=F,Oro (spot),commodity,USD,4012.5
2026-07-21,GC=F,Oro (spot),commodity,USD,4082.9
2026-07-22,GC=F,Oro (spot),commodity,USD,4135.0
2026-07-23,GC=F,Oro (spot),commodity,USD,4051.4
2026-07-24,GC=F,Oro (spot),commodity,USD,4058.2
2026-07-25,GC=F,Oro (spot),commodity,USD,4070.8
2026-07-26,GC=F,Oro (spot),commodity,USD,4070.8
2026-07-27,GC=F,Oro (spot),commodity,USD,4078.4
2026-07-28,GC=F,Oro (spot),commodity,USD,4027.5
2026-07-29,GC=F,Oro (spot),commodity,USD,4122.3
2026-07-30,GC=F,Oro (spot),commodity,USD,4160.9
2026-07-31,GC=F,Oro (spot),commodity,USD,4107.7
2026-08-01,GC=F,Oro (spot),commodity,USD,4107.0
2026-08-02,GC=F,Oro (spot),commodity,USD,4107.0
2026-08-03,GC=F,Oro (spot),commodity,USD,4113.1
2026-08-04,GC=F,Oro (spot),commodity,USD,4134.0
2026-08-05,GC=F,Oro (spot),commodity,USD,4305.2
2026-08-06,GC=F,Oro (spot),commodity,USD,4320.7
2026-08-07,GC=F,Oro (spot),commodity,USD,4398.8
2026-08-08,GC=F,Oro (spot),commodity,USD,4399.7
2026-08-09,GC=F,Oro (spot),commodity,USD,4399.7
2026-08-10,GC=F,Oro (spot),commodity,USD,4447.6
2026-08-11,GC=F,Oro (spot),commodity,USD,4429.6
2026-08-12,GC=F,Oro (spot),commodity,USD,4467.3
2026-08-13,GC=F,Oro (spot),commodity,USD,4407.1
2026-08-14,GC=F,Oro (spot),commodity,USD,4429.1
2026-08-15,GC=F,Oro (spot),commodity,USD,4437.3
2026-08-16,GC=F,Oro (spot),commodity,USD,4437.3
2026-08-17,GC=F,Oro (spot),commodity,USD,4473.2
2026-08-18,GC=F,Oro (spot),commodity,USD,4398.7
2026-08-19,GC=F,Oro (spot),commodity,USD,4567.9
2026-08-20,GC=F,Oro (spot),commodity,USD,4580.4
2026-08-21,GC=F,Oro (spot),commodity,USD,4674.0
2026-08-22,GC=F,Oro (spot),commodity,USD,4680.6
2026-08-23,GC=F,Oro (spot),commodity,USD,4680.6
2026-08-24,GC=F,Oro (spot),commodity,USD,4707.3
2026-08-25,GC=F,Oro (spot),commodity,USD,4693.0
2026-08-28,GC=F,Oro (spot),commodity,USD,4693.0
2026-08-29,GC=F,Oro (spot),commodity,USD,4693.0
2026-08-30,GC=F,Oro (spot),commodity,USD,4693.0
2026-08-31,GC=F,Oro (spot),commodity,USD,4693.0
2026-09-01,GC=F,Oro (spot),commodity,USD,4693.0
2026-09-02,GC=F,Oro (spot),commodity,USD,4693.0
2026-09-03,GC=F,Oro (spot),commodity,USD,4693.0
2026-06-27,HG=F,Rame,commodity,USD,6.207
2026-06-28,HG=F,Rame,commodity,USD,6.207
2026-06-29,HG=F,Rame,commodity,USD,6.174
2026-06-30,HG=F,Rame,commodity,USD,6.247
2026-07-01,HG=F,Rame,commodity,USD,6.156
2026-07-02,HG=F,Rame,commodity,USD,6.1755
2026-07-03,HG=F,Rame,commodity,USD,6.224
2026-07-04,HG=F,Rame,commodity,USD,6.224
2026-07-05,HG=F,Rame,commodity,USD,6.224
2026-07-06,HG=F,Rame,commodity,USD,6.224
2026-07-07,HG=F,Rame,commodity,USD,6.182
2026-07-08,HG=F,Rame,commodity,USD,6.119
2026-07-09,HG=F,Rame,commodity,USD,6.2475
2026-07-10,HG=F,Rame,commodity,USD,6.2865
2026-07-11,HG=F,Rame,commodity,USD,6.282
2026-07-12,HG=F,Rame,commodity,USD,6.282
2026-07-13,HG=F,Rame,commodity,USD,6.275
2026-07-14,HG=F,Rame,commodity,USD,6.365
2026-07-15,HG=F,Rame,commodity,USD,6.383
2026-07-16,HG=F,Rame,commodity,USD,6.293
2026-07-17,HG=F,Rame,commodity,USD,6.262
2026-07-18,HG=F,Rame,commodity,USD,6.265
2026-07-19,HG=F,Rame,commodity,USD,6.265
2026-07-20,HG=F,Rame,commodity,USD,6.34
2026-07-21,HG=F,Rame,commodity,USD,6.527
2026-07-22,HG=F,Rame,commodity,USD,6.486
2026-07-23,HG=F,Rame,commodity,USD,6.3335
2026-07-24,HG=F,Rame,commodity,USD,6.337
2026-07-25,HG=F,Rame,commodity,USD,6.3575
2026-07-26,HG=F,Rame,commodity,USD,6.3575
2026-07-27,HG=F,Rame,commodity,USD,6.3975
2026-07-28,HG=F,Rame,commodity,USD,6.337
2026-07-29,HG=F,Rame,commodity,USD,6.348
2026-07-30,HG=F,Rame,commodity,USD,6.495
2026-07-31,HG=F,Rame,commodity,USD,6.514
2026-08-01,HG=F,Rame,commodity,USD,6.4655
2026-08-02,HG=F,Rame,commodity,USD,6.4655
2026-08-03,HG=F,Rame,commodity,USD,6.549
2026-08-04,HG=F,Rame,commodity,USD,6.6285
2026-08-05,HG=F,Rame,commodity,USD,6.7475
2026-08-06,HG=F,Rame,commodity,USD,6.725
2026-08-07,HG=F,Rame,commodity,USD,6.578
2026-08-08,HG=F,Rame,commodity,USD,6.591
2026-08-09,HG=F,Rame,commodity,USD,6.591
2026-08-10,HG=F,Rame,commodity,USD,6.633
2026-08-11,HG=F,Rame,commodity,USD,6.629
2026-08-12,HG=F,Rame,commodity,USD,6.607
2026-08-13,HG=F,Rame,commodity,USD,6.585
2026-08-14,HG=F,Rame,commodity,USD,6.607
2026-08-15,HG=F,Rame,commodity,USD,6.613
2026-08-16,HG=F,Rame,commodity,USD,6.613
2026-08-17,HG=F,Rame,commodity,USD,6.612
2026-08-18,HG=F,Rame,commodity,USD,6.465
2026-08-19,HG=F,Rame,commodity,USD,6.495
2026-08-20,HG=F,Rame,commodity,USD,6.486
2026-08-21,HG=F,Rame,commodity,USD,6.58
2026-08-22,HG=F,Rame,commodity,USD,6.587
2026-08-23,HG=F,Rame,commodity,USD,6.587
2026-08-24,HG=F,Rame,commodity,USD,6.602
2026-08-25,HG=F,Rame,commodity,USD,6.668
2026-08-28,HG=F,Rame,commodity,USD,6.668
2026-08-29,HG=F,Rame,commodity,USD,6.668
2026-08-30,HG=F,Rame,commodity,USD,6.668
2026-08-31,HG=F,Rame,commodity,USD,6.668
2026-09-01,HG=F,Rame,commodity,USD,6.668
2026-09-02,HG=F,Rame,commodity,USD,6.668
2026-09-03,HG=F,Rame,commodity,USD,6.668
2026-06-27,JPY=X,USD/JPY,fx,PCT,161.685
2026-06-28,JPY=X,USD/JPY,fx,PCT,161.713
2026-06-29,JPY=X,USD/JPY,fx,PCT,161.883
2026-06-30,JPY=X,USD/JPY,fx,PCT,162.611
2026-07-01,JPY=X,USD/JPY,fx,PCT,162.538
2026-07-02,JPY=X,USD/JPY,fx,PCT,161.111
2026-07-03,JPY=X,USD/JPY,fx,PCT,161.323
2026-07-04,JPY=X,USD/JPY,fx,PCT,161.337
2026-07-05,JPY=X,USD/JPY,fx,PCT,161.269
2026-07-06,JPY=X,USD/JPY,fx,PCT,162.047
2026-07-07,JPY=X,USD/JPY,fx,PCT,162.071
2026-07-08,JPY=X,USD/JPY,fx,PCT,162.513
2026-07-09,JPY=X,USD/JPY,fx,PCT,162.351
2026-07-10,JPY=X,USD/JPY,fx,PCT,161.672
2026-07-11,JPY=X,USD/JPY,fx,PCT,161.672
2026-07-12,JPY=X,USD/JPY,fx,PCT,161.612
2026-07-13,JPY=X,USD/JPY,fx,PCT,162.45
2026-07-14,JPY=X,USD/JPY,fx,PCT,162.23
2026-07-15,JPY=X,USD/JPY,fx,PCT,162.193
2026-07-16,JPY=X,USD/JPY,fx,PCT,162.357
2026-07-17,JPY=X,USD/JPY,fx,PCT,162.402
2026-07-18,JPY=X,USD/JPY,fx,PCT,162.353
2026-07-19,JPY=X,USD/JPY,fx,PCT,162.348
2026-07-20,JPY=X,USD/JPY,fx,PCT,162.465
2026-07-21,JPY=X,USD/JPY,fx,PCT,163.169
2026-07-22,JPY=X,USD/JPY,fx,PCT,163.118
2026-07-23,JPY=X,USD/JPY,fx,PCT,163.86
2026-07-24,JPY=X,USD/JPY,fx,PCT,163.857
2026-07-25,JPY=X,USD/JPY,fx,PCT,163.791
2026-07-26,JPY=X,USD/JPY,fx,PCT,163.596
2026-07-27,JPY=X,USD/JPY,fx,PCT,163.671
2026-07-28,JPY=X,USD/JPY,fx,PCT,163.783
2026-07-29,JPY=X,USD/JPY,fx,PCT,163.458
2026-07-30,JPY=X,USD/JPY,fx,PCT,159.443
2026-07-31,JPY=X,USD/JPY,fx,PCT,157.232
2026-08-01,JPY=X,USD/JPY,fx,PCT,157.4
2026-08-02,JPY=X,USD/JPY,fx,PCT,157.043
2026-08-03,JPY=X,USD/JPY,fx,PCT,157.199
2026-08-04,JPY=X,USD/JPY,fx,PCT,157.726
2026-08-05,JPY=X,USD/JPY,fx,PCT,157.717
2026-08-06,JPY=X,USD/JPY,fx,PCT,157.842
2026-08-07,JPY=X,USD/JPY,fx,PCT,157.743
2026-08-08,JPY=X,USD/JPY,fx,PCT,157.745
2026-08-09,JPY=X,USD/JPY,fx,PCT,157.819
2026-08-10,JPY=X,USD/JPY,fx,PCT,159.317
2026-08-11,JPY=X,USD/JPY,fx,PCT,159.338
2026-08-12,JPY=X,USD/JPY,fx,PCT,159.409
2026-08-13,JPY=X,USD/JPY,fx,PCT,159.552
2026-08-14,JPY=X,USD/JPY,fx,PCT,159.341
2026-08-15,JPY=X,USD/JPY,fx,PCT,159.305
2026-08-16,JPY=X,USD/JPY,fx,PCT,159.268
2026-08-17,JPY=X,USD/JPY,fx,PCT,159.47
2026-08-18,JPY=X,USD/JPY,fx,PCT,159.654
2026-08-19,JPY=X,USD/JPY,fx,PCT,158.176
2026-08-20,JPY=X,USD/JPY,fx,PCT,159.119
2026-08-21,JPY=X,USD/JPY,fx,PCT,158.91
2026-08-22,JPY=X,USD/JPY,fx,PCT,158.94
2026-08-23,JPY=X,USD/JPY,fx,PCT,158.993
2026-08-24,JPY=X,USD/JPY,fx,PCT,159.139
2026-08-25,JPY=X,USD/JPY,fx,PCT,159.214
2026-08-28,JPY=X,USD/JPY,fx,PCT,159.97
2026-06-27,NG=F,Gas naturale,commodity,PCT,3.279
2026-06-28,NG=F,Gas naturale,commodity,PCT,3.279
2026-06-29,NG=F,Gas naturale,commodity,PCT,3.172
2026-06-30,NG=F,Gas naturale,commodity,PCT,3.257
2026-07-01,NG=F,Gas naturale,commodity,PCT,3.211
2026-07-02,NG=F,Gas naturale,commodity,PCT,3.208
2026-07-03,NG=F,Gas naturale,commodity,PCT,3.245
2026-07-04,NG=F,Gas naturale,commodity,PCT,3.245
2026-07-05,NG=F,Gas naturale,commodity,PCT,3.245
2026-07-06,NG=F,Gas naturale,commodity,PCT,3.245
2026-07-07,NG=F,Gas naturale,commodity,PCT,3.281
2026-07-08,NG=F,Gas naturale,commodity,PCT,3.223
2026-07-09,NG=F,Gas naturale,commodity,PCT,3.012
2026-07-10,NG=F,Gas naturale,commodity,PCT,2.94
2026-07-11,NG=F,Gas naturale,commodity,PCT,2.94
2026-07-12,NG=F,Gas naturale,commodity,PCT,2.94
2026-07-13,NG=F,Gas naturale,commodity,PCT,2.886
2026-07-14,NG=F,Gas naturale,commodity,PCT,2.919
2026-07-15,NG=F,Gas naturale,commodity,PCT,2.923
2026-07-16,NG=F,Gas naturale,commodity,PCT,2.893
2026-07-17,NG=F,Gas naturale,commodity,PCT,2.923
2026-07-18,NG=F,Gas naturale,commodity,PCT,2.911
2026-07-19,NG=F,Gas naturale,commodity,PCT,2.911
2026-07-20,NG=F,Gas naturale,commodity,PCT,2.836
2026-07-21,NG=F,Gas naturale,commodity,PCT,2.887
2026-07-22,NG=F,Gas naturale,commodity,PCT,2.942
2026-07-23,NG=F,Gas naturale,commodity,PCT,2.913
2026-07-24,NG=F,Gas naturale,commodity,PCT,2.904
2026-07-25,NG=F,Gas naturale,commodity,PCT,2.888
2026-07-26,NG=F,Gas naturale,commodity,PCT,2.888
2026-07-27,NG=F,Gas naturale,commodity,PCT,2.771
2026-07-28,NG=F,Gas naturale,commodity,PCT,2.678
2026-07-29,NG=F,Gas naturale,commodity,PCT,2.729
2026-07-30,NG=F,Gas naturale,commodity,PCT,2.749
2026-07-31,NG=F,Gas naturale,commodity,PCT,2.771
2026-08-01,NG=F,Gas naturale,commodity,PCT,2.747
2026-08-02,NG=F,Gas naturale,commodity,PCT,2.747
2026-08-03,NG=F,Gas naturale,commodity,PCT,2.772
2026-08-04,NG=F,Gas naturale,commodity,PCT,2.688
2026-08-05,NG=F,Gas naturale,commodity,PCT,2.672
2026-08-06,NG=F,Gas naturale,commodity,PCT,2.691
2026-08-07,NG=F,Gas naturale,commodity,PCT,2.671
2026-08-08,NG=F,Gas naturale,commodity,PCT,2.662
2026-08-09,NG=F,Gas naturale,commodity,PCT,2.662
2026-08-10,NG=F,Gas naturale,commodity,PCT,2.776
2026-08-11,NG=F,Gas naturale,commodity,PCT,2.751
2026-08-12,NG=F,Gas naturale,commodity,PCT,2.796
2026-08-13,NG=F,Gas naturale,commodity,PCT,2.731
2026-08-14,NG=F,Gas naturale,commodity,PCT,2.718
2026-08-15,NG=F,Gas naturale,commodity,PCT,2.733
2026-08-16,NG=F,Gas naturale,commodity,PCT,2.733
2026-08-17,NG=F,Gas naturale,commodity,PCT,2.702
2026-08-18,NG=F,Gas naturale,commodity,PCT,2.784
2026-08-19,NG=F,Gas naturale,commodity,PCT,2.775
2026-08-20,NG=F,Gas naturale,commodity,PCT,2.76
2026-08-21,NG=F,Gas naturale,commodity,PCT,2.789
2026-08-22,NG=F,Gas naturale,commodity,PCT,2.811
2026-08-23,NG=F,Gas naturale,commodity,PCT,2.811
2026-08-24,NG=F,Gas naturale,commodity,PCT,2.815
2026-08-25,NG=F,Gas naturale,commodity,PCT,2.7
2026-08-28,NG=F,Gas naturale,commodity,PCT,2.793
2026-09-01,NG=F,Gas naturale,commodity,PCT,2.9
2026-06-27,SI=F,Argento (spot),commodity,USD,59.674
2026-06-28,SI=F,Argento (spot),commodity,USD,59.674
2026-06-29,SI=F,Argento (spot),commodity,USD,58.755
2026-06-30,SI=F,Argento (spot),commodity,USD,59.045
2026-07-01,SI=F,Argento (spot),commodity,USD,59.605
2026-07-02,SI=F,Argento (spot),commodity,USD,61.345
2026-07-03,SI=F,Argento (spot),commodity,USD,62.815
2026-07-04,SI=F,Argento (spot),commodity,USD,62.815
2026-07-05,SI=F,Argento (spot),commodity,USD,62.815
2026-07-06,SI=F,Argento (spot),commodity,USD,62.815
2026-07-07,SI=F,Argento (spot),commodity,USD,60.405
2026-07-08,SI=F,Argento (spot),commodity,USD,58.685
2026-07-09,SI=F,Argento (spot),commodity,USD,60.355
2026-07-10,SI=F,Argento (spot),commodity,USD,60.225
2026-07-11,SI=F,Argento (spot),commodity,USD,60.165
2026-07-12,SI=F,Argento (spot),commodity,USD,60.165
2026-07-13,SI=F,Argento (spot),commodity,USD,57.92
2026-07-14,SI=F,Argento (spot),commodity,USD,59.005
2026-07-15,SI=F,Argento (spot),commodity,USD,58.12
2026-07-16,SI=F,Argento (spot),commodity,USD,55.775
2026-07-17,SI=F,Argento (spot),commodity,USD,56.18
2026-07-18,SI=F,Argento (spot),commodity,USD,56.326
2026-07-19,SI=F,Argento (spot),commodity,USD,56.326
2026-07-20,SI=F,Argento (spot),commodity,USD,56.665
2026-07-21,SI=F,Argento (spot),commodity,USD,59.11
2026-07-22,SI=F,Argento (spot),commodity,USD,60.005
2026-07-23,SI=F,Argento (spot),commodity,USD,57.905
2026-07-24,SI=F,Argento (spot),commodity,USD,58.56
2026-07-25,SI=F,Argento (spot),commodity,USD,58.906
2026-07-26,SI=F,Argento (spot),commodity,USD,58.906
2026-07-27,SI=F,Argento (spot),commodity,USD,58.7
2026-07-28,SI=F,Argento (spot),commodity,USD,57.34
2026-07-29,SI=F,Argento (spot),commodity,USD,57.76
2026-07-30,SI=F,Argento (spot),commodity,USD,59.18
2026-07-31,SI=F,Argento (spot),commodity,USD,58.09
2026-08-01,SI=F,Argento (spot),commodity,USD,57.786
2026-08-02,SI=F,Argento (spot),commodity,USD,57.786
2026-08-03,SI=F,Argento (spot),commodity,USD,58.4
2026-08-04,SI=F,Argento (spot),commodity,USD,59.75
2026-08-05,SI=F,Argento (spot),commodity,USD,62.215
2026-08-06,SI=F,Argento (spot),commodity,USD,62.1
2026-08-07,SI=F,Argento (spot),commodity,USD,63.675
2026-08-08,SI=F,Argento (spot),commodity,USD,63.499
2026-08-09,SI=F,Argento (spot),commodity,USD,63.499
2026-08-10,SI=F,Argento (spot),commodity,USD,65.9
2026-08-11,SI=F,Argento (spot),commodity,USD,64.875
2026-08-12,SI=F,Argento (spot),commodity,USD,65.44
2026-08-13,SI=F,Argento (spot),commodity,USD,64.6
2026-08-14,SI=F,Argento (spot),commodity,USD,64.85
2026-08-15,SI=F,Argento (spot),commodity,USD,65.108
2026-08-16,SI=F,Argento (spot),commodity,USD,65.108
2026-08-17,SI=F,Argento (spot),commodity,USD,65.985
2026-08-18,SI=F,Argento (spot),commodity,USD,63.625
2026-08-19,SI=F,Argento (spot),commodity,USD,66.495
2026-08-20,SI=F,Argento (spot),commodity,USD,68.265
2026-08-21,SI=F,Argento (spot),commodity,USD,69.355
2026-08-22,SI=F,Argento (spot),commodity,USD,69.53
2026-08-23,SI=F,Argento (spot),commodity,USD,69.53
2026-08-24,SI=F,Argento (spot),commodity,USD,68.815
2026-08-25,SI=F,Argento (spot),commodity,USD,68.29
2026-08-28,SI=F,Argento (spot),commodity,USD,68.29
2026-08-29,SI=F,Argento (spot),commodity,USD,68.29
2026-08-30,SI=F,Argento (spot),commodity,USD,68.29
2026-08-31,SI=F,Argento (spot),commodity,USD,68.29
2026-09-01,SI=F,Argento (spot),commodity,USD,68.29
2026-09-02,SI=F,Argento (spot),commodity,USD,68.29
2026-09-03,SI=F,Argento (spot),commodity,USD,68.29
2026-06-27,SOL-USD,Solana,crypto,USD,71.11
2026-06-28,SOL-USD,Solana,crypto,USD,70.81
2026-06-29,SOL-USD,Solana,crypto,USD,75.36
2026-06-30,SOL-USD,Solana,crypto,USD,73.2
2026-07-01,SOL-USD,Solana,crypto,USD,77.77
2026-07-02,SOL-USD,Solana,crypto,USD,80.93
2026-07-03,SOL-USD,Solana,crypto,USD,82.62
2026-07-04,SOL-USD,Solana,crypto,USD,81.98
2026-07-05,SOL-USD,Solana,crypto,USD,80.93
2026-07-06,SOL-USD,Solana,crypto,USD,82.6
2026-07-07,SOL-USD,Solana,crypto,USD,80.94
2026-07-08,SOL-USD,Solana,crypto,USD,77.07
2026-07-09,SOL-USD,Solana,crypto,USD,78.09
2026-07-10,SOL-USD,Solana,crypto,USD,77.74
2026-07-11,SOL-USD,Solana,crypto,USD,78.17
2026-07-12,SOL-USD,Solana,crypto,USD,77.48
2026-07-13,SOL-USD,Solana,crypto,USD,77.54
2026-07-14,SOL-USD,Solana,crypto,USD,77.04
2026-07-15,SOL-USD,Solana,crypto,USD,77.36
2026-07-16,SOL-USD,Solana,crypto,USD,75.7
2026-07-17,SOL-USD,Solana,crypto,USD,74.97
2026-07-18,SOL-USD,Solana,crypto,USD,75.3
2026-07-19,SOL-USD,Solana,crypto,USD,75.95
2026-07-20,SOL-USD,Solana,crypto,USD,77.93
2026-07-21,SOL-USD,Solana,crypto,USD,77.81
2026-07-22,SOL-USD,Solana,crypto,USD,77.77
2026-07-23,SOL-USD,Solana,crypto,USD,76.09
2026-07-24,SOL-USD,Solana,crypto,USD,73.75
2026-07-25,SOL-USD,Solana,crypto,USD,74.4
2026-07-26,SOL-USD,Solana,crypto,USD,75.28
2026-07-27,SOL-USD,Solana,crypto,USD,75.84
2026-07-28,SOL-USD,Solana,crypto,USD,73.96
2026-07-29,SOL-USD,Solana,crypto,USD,72.76
2026-07-30,SOL-USD,Solana,crypto,USD,74.48
2026-07-31,SOL-USD,Solana,crypto,USD,72.91
2026-08-01,SOL-USD,Solana,crypto,USD,71.39
2026-08-02,SOL-USD,Solana,crypto,USD,73.63
2026-08-03,SOL-USD,Solana,crypto,USD,73.77
2026-08-04,SOL-USD,Solana,crypto,USD,74.11
2026-08-05,SOL-USD,Solana,crypto,USD,74.16
2026-08-06,SOL-USD,Solana,crypto,USD,73.9
2026-08-07,SOL-USD,Solana,crypto,USD,73.87
2026-08-08,SOL-USD,Solana,crypto,USD,76.12
2026-08-09,SOL-USD,Solana,crypto,USD,77.13
2026-08-10,SOL-USD,Solana,crypto,USD,76.27
2026-08-11,SOL-USD,Solana,crypto,USD,75.9
2026-08-12,SOL-USD,Solana,crypto,USD,75.91
2026-08-13,SOL-USD,Solana,crypto,USD,76.25
2026-08-14,SOL-USD,Solana,crypto,USD,75.11
2026-08-15,SOL-USD,Solana,crypto,USD,75.38
2026-08-16,SOL-USD,Solana,crypto,USD,75.2
2026-08-17,SOL-USD,Solana,crypto,USD,75.58
2026-08-18,SOL-USD,Solana,crypto,USD,77.1
2026-08-19,SOL-USD,Solana,crypto,USD,82.33
2026-08-20,SOL-USD,Solana,crypto,USD,87.3
2026-08-21,SOL-USD,Solana,crypto,USD,91.47
2026-08-22,SOL-USD,Solana,crypto,USD,94.75
2026-08-23,SOL-USD,Solana,crypto,USD,95.04
2026-08-24,SOL-USD,Solana,crypto,USD,96.11
2026-08-25,SOL-USD,Solana,crypto,USD,98.34
2026-08-28,SOL-USD,Solana,crypto,USD,103.94866333529566
2026-08-29,SOL-USD,Solana,crypto,USD,105.59052547642798
2026-08-30,SOL-USD,Solana,crypto,USD,101.60741425206596
2026-08-31,SOL-USD,Solana,crypto,USD,103.30168824508681
2026-09-01,SOL-USD,Solana,crypto,USD,99.79715714479472
2026-09-02,SOL-USD,Solana,crypto,USD,99.89555970610544
2026-09-03,SOL-USD,Solana,crypto,USD,105.21105891174155
2026-06-27,^BVSP,Bovespa Brasile,equity,BRL,173295.14
2026-06-28,^BVSP,Bovespa Brasile,equity,BRL,173295.14
2026-06-29,^BVSP,Bovespa Brasile,equity,BRL,173205.34
2026-06-30,^BVSP,Bovespa Brasile,equity,BRL,172024.12
2026-07-01,^BVSP,Bovespa Brasile,equity,BRL,171688.61
2026-07-02,^BVSP,Bovespa Brasile,equity,BRL,172787.62
2026-07-03,^BVSP,Bovespa Brasile,equity,BRL,174070.27
2026-07-04,^BVSP,Bovespa Brasile,equity,BRL,174070.27
2026-07-05,^BVSP,Bovespa Brasile,equity,BRL,174070.27
2026-07-06,^BVSP,Bovespa Brasile,equity,BRL,172447.58
2026-07-07,^BVSP,Bovespa Brasile,equity,BRL,172020.69
2026-07-08,^BVSP,Bovespa Brasile,equity,BRL,170653.45
2026-07-09,^BVSP,Bovespa Brasile,equity,BRL,172742.12
2026-07-10,^BVSP,Bovespa Brasile,equity,BRL,177866.38
2026-07-11,^BVSP,Bovespa Brasile,equity,BRL,177866.38
2026-07-12,^BVSP,Bovespa Brasile,equity,BRL,177866.38
2026-07-13,^BVSP,Bovespa Brasile,equity,BRL,175739.08
2026-07-14,^BVSP,Bovespa Brasile,equity,BRL,176641.1
2026-07-15,^BVSP,Bovespa Brasile,equity,BRL,176010.9
2026-07-16,^BVSP,Bovespa Brasile,equity,BRL,173825.27
2026-07-17,^BVSP,Bovespa Brasile,equity,BRL,173714.08
2026-07-18,^BVSP,Bovespa Brasile,equity,BRL,173714.08
2026-07-19,^BVSP,Bovespa Brasile,equity,BRL,173714.08
2026-07-20,^BVSP,Bovespa Brasile,equity,BRL,173371.34
2026-07-21,^BVSP,Bovespa Brasile,equity,BRL,173325.66
2026-07-22,^BVSP,Bovespa Brasile,equity,BRL,177547.56
2026-07-23,^BVSP,Bovespa Brasile,equity,BRL,176723.62
2026-07-24,^BVSP,Bovespa Brasile,equity,BRL,174041.95
2026-07-25,^BVSP,Bovespa Brasile,equity,BRL,174041.95
2026-07-26,^BVSP,Bovespa Brasile,equity,BRL,174041.95
2026-07-27,^BVSP,Bovespa Brasile,equity,BRL,175334.45
2026-07-28,^BVSP,Bovespa Brasile,equity,BRL,176564.75
2026-07-29,^BVSP,Bovespa Brasile,equity,BRL,173885.34
2026-07-30,^BVSP,Bovespa Brasile,equity,BRL,177158.86
2026-07-31,^BVSP,Bovespa Brasile,equity,BRL,177999.0
2026-08-01,^BVSP,Bovespa Brasile,equity,BRL,177999.0
2026-08-02,^BVSP,Bovespa Brasile,equity,BRL,177999.0
2026-08-03,^BVSP,Bovespa Brasile,equity,BRL,178000.23
2026-08-04,^BVSP,Bovespa Brasile,equity,BRL,177894.97
2026-08-05,^BVSP,Bovespa Brasile,equity,BRL,177726.17
2026-08-06,^BVSP,Bovespa Brasile,equity,BRL,177726.17
2026-08-07,^BVSP,Bovespa Brasile,equity,BRL,172513.42
2026-08-08,^BVSP,Bovespa Brasile,equity,BRL,172513.42
2026-08-09,^BVSP,Bovespa Brasile,equity,BRL,172513.42
2026-08-10,^BVSP,Bovespa Brasile,equity,BRL,172179.94
2026-08-11,^BVSP,Bovespa Brasile,equity,BRL,167874.64
2026-08-12,^BVSP,Bovespa Brasile,equity,BRL,167491.06
2026-08-13,^BVSP,Bovespa Brasile,equity,BRL,167100.95
2026-08-14,^BVSP,Bovespa Brasile,equity,BRL,166886.48
2026-08-15,^BVSP,Bovespa Brasile,equity,BRL,166934.2
2026-08-16,^BVSP,Bovespa Brasile,equity,BRL,166934.2
2026-08-17,^BVSP,Bovespa Brasile,equity,BRL,166954.77
2026-08-18,^BVSP,Bovespa Brasile,equity,BRL,166409.56
2026-08-19,^BVSP,Bovespa Brasile,equity,BRL,167806.2
2026-08-20,^BVSP,Bovespa Brasile,equity,BRL,167926.5
2026-08-21,^BVSP,Bovespa Brasile,equity,BRL,171014.62
2026-08-22,^BVSP,Bovespa Brasile,equity,BRL,171031.73
2026-08-23,^BVSP,Bovespa Brasile,equity,BRL,170448.88
2026-08-24,^BVSP,Bovespa Brasile,equity,BRL,171942.19
2026-08-25,^BVSP,Bovespa Brasile,equity,BRL,172458.62
2026-08-28,^BVSP,Bovespa Brasile,equity,BRL,172458.62
2026-08-29,^BVSP,Bovespa Brasile,equity,BRL,172458.62
2026-08-30,^BVSP,Bovespa Brasile,equity,BRL,172458.62
2026-08-31,^BVSP,Bovespa Brasile,equity,BRL,172458.62
2026-09-01,^BVSP,Bovespa Brasile,equity,BRL,172458.62
2026-09-02,^BVSP,Bovespa Brasile,equity,BRL,172458.62
2026-09-03,^BVSP,Bovespa Brasile,equity,BRL,172458.62
2026-06-27,^DJI,Dow Jones,equity,PCT,51876.11
2026-06-28,^DJI,Dow Jones,equity,PCT,51876.11
2026-06-29,^DJI,Dow Jones,equity,PCT,52182.74
2026-06-30,^DJI,Dow Jones,equity,PCT,52319.2
2026-07-01,^DJI,Dow Jones,equity,PCT,52305.24
2026-07-02,^DJI,Dow Jones,equity,PCT,52900.07
2026-07-03,^DJI,Dow Jones,equity,PCT,52900.07
2026-07-04,^DJI,Dow Jones,equity,PCT,52900.07
2026-07-05,^DJI,Dow Jones,equity,PCT,52900.07
2026-07-06,^DJI,Dow Jones,equity,PCT,53055.91
2026-07-07,^DJI,Dow Jones,equity,PCT,52925.15
2026-07-08,^DJI,Dow Jones,equity,PCT,52348.39
2026-07-09,^DJI,Dow Jones,equity,PCT,52487.41
2026-07-10,^DJI,Dow Jones,equity,PCT,52637.01
2026-07-11,^DJI,Dow Jones,equity,PCT,52637.01
2026-07-12,^DJI,Dow Jones,equity,PCT,52637.01
2026-07-13,^DJI,Dow Jones,equity,PCT,52498.64
2026-07-14,^DJI,Dow Jones,equity,PCT,52508.27
2026-07-15,^DJI,Dow Jones,equity,PCT,52658.64
2026-07-16,^DJI,Dow Jones,equity,PCT,52552.97
2026-07-17,^DJI,Dow Jones,equity,PCT,52146.42
2026-07-18,^DJI,Dow Jones,equity,PCT,52146.42
2026-07-19,^DJI,Dow Jones,equity,PCT,52146.42
2026-07-20,^DJI,Dow Jones,equity,PCT,51839.26
2026-07-21,^DJI,Dow Jones,equity,PCT,52224.64
2026-07-22,^DJI,Dow Jones,equity,PCT,52218.58
2026-07-23,^DJI,Dow Jones,equity,PCT,51711.65
2026-07-24,^DJI,Dow Jones,equity,PCT,51947.25
2026-07-25,^DJI,Dow Jones,equity,PCT,51947.25
2026-07-26,^DJI,Dow Jones,equity,PCT,51947.25
2026-07-27,^DJI,Dow Jones,equity,PCT,52210.08
2026-07-28,^DJI,Dow Jones,equity,PCT,52747.32
2026-07-29,^DJI,Dow Jones,equity,PCT,51594.14
2026-07-30,^DJI,Dow Jones,equity,PCT,52208.06
2026-07-31,^DJI,Dow Jones,equity,PCT,52485.03
2026-08-01,^DJI,Dow Jones,equity,PCT,52485.03
2026-08-02,^DJI,Dow Jones,equity,PCT,52485.03
2026-08-03,^DJI,Dow Jones,equity,PCT,53178.41
2026-08-04,^DJI,Dow Jones,equity,PCT,54085.88
2026-08-05,^DJI,Dow Jones,equity,PCT,54349.12
2026-08-06,^DJI,Dow Jones,equity,PCT,54349.12
2026-08-07,^DJI,Dow Jones,equity,PCT,54036.93
2026-08-08,^DJI,Dow Jones,equity,PCT,54036.93
2026-08-09,^DJI,Dow Jones,equity,PCT,54036.93
2026-08-10,^DJI,Dow Jones,equity,PCT,53975.98
2026-08-11,^DJI,Dow Jones,equity,PCT,53791.85
2026-08-12,^DJI,Dow Jones,equity,PCT,53770.27
2026-08-13,^DJI,Dow Jones,equity,PCT,53839.99
2026-08-14,^DJI,Dow Jones,equity,PCT,53732.41
2026-08-15,^DJI,Dow Jones,equity,PCT,53732.41
2026-08-16,^DJI,Dow Jones,equity,PCT,53732.41
2026-08-17,^DJI,Dow Jones,equity,PCT,53459.78
2026-08-18,^DJI,Dow Jones,equity,PCT,53343.4
2026-08-19,^DJI,Dow Jones,equity,PCT,53463.05
2026-08-20,^DJI,Dow Jones,equity,PCT,52759.21
2026-08-21,^DJI,Dow Jones,equity,PCT,53277.01
2026-08-22,^DJI,Dow Jones,equity,PCT,53277.0
2026-08-23,^DJI,Dow Jones,equity,PCT,53277.01
2026-08-24,^DJI,Dow Jones,equity,PCT,53417.16
2026-08-25,^DJI,Dow Jones,equity,PCT,53454.63
2026-08-27,^DJI,Dow Jones,equity,PCT,53569.44
2026-08-28,^DJI,Dow Jones,equity,PCT,53559.99
2026-08-31,^DJI,Dow Jones,equity,PCT,53185.9
2026-09-01,^DJI,Dow Jones,equity,PCT,52766.88
2026-09-02,^DJI,Dow Jones,equity,PCT,53061.95
2026-06-27,^FCHI,CAC 40 Francia,equity,EUR,8384.87
2026-06-28,^FCHI,CAC 40 Francia,equity,EUR,8384.87
2026-06-29,^FCHI,CAC 40 Francia,equity,EUR,8367.33
2026-06-30,^FCHI,CAC 40 Francia,equity,EUR,8403.99
2026-07-01,^FCHI,CAC 40 Francia,equity,EUR,8337.29
2026-07-02,^FCHI,CAC 40 Francia,equity,EUR,8474.86
2026-07-03,^FCHI,CAC 40 Francia,equity,EUR,8508.07
2026-07-04,^FCHI,CAC 40 Francia,equity,EUR,8508.07
2026-07-05,^FCHI,CAC 40 Francia,equity,EUR,8508.07
2026-07-06,^FCHI,CAC 40 Francia,equity,EUR,8479.87
2026-07-07,^FCHI,CAC 40 Francia,equity,EUR,8436.24
2026-07-08,^FCHI,CAC 40 Francia,equity,EUR,8252.66
2026-07-09,^FCHI,CAC 40 Francia,equity,EUR,8326.62
2026-07-10,^FCHI,CAC 40 Francia,equity,EUR,8338.97
2026-07-11,^FCHI,CAC 40 Francia,equity,EUR,8338.97
2026-07-12,^FCHI,CAC 40 Francia,equity,EUR,8338.97
2026-07-13,^FCHI,CAC 40 Francia,equity,EUR,8364.65
2026-07-14,^FCHI,CAC 40 Francia,equity,EUR,8366.85
2026-07-15,^FCHI,CAC 40 Francia,equity,EUR,8382.43
2026-07-16,^FCHI,CAC 40 Francia,equity,EUR,8377.86
2026-07-17,^FCHI,CAC 40 Francia,equity,EUR,8338.81
2026-07-18,^FCHI,CAC 40 Francia,equity,EUR,8338.81
2026-07-19,^FCHI,CAC 40 Francia,equity,EUR,8338.81
2026-07-20,^FCHI,CAC 40 Francia,equity,EUR,8340.11
2026-07-21,^FCHI,CAC 40 Francia,equity,EUR,8363.14
2026-07-22,^FCHI,CAC 40 Francia,equity,EUR,8437.89
2026-07-23,^FCHI,CAC 40 Francia,equity,EUR,8299.09
2026-07-24,^FCHI,CAC 40 Francia,equity,EUR,8372.28
2026-07-25,^FCHI,CAC 40 Francia,equity,EUR,8372.28
2026-07-26,^FCHI,CAC 40 Francia,equity,EUR,8372.28
2026-07-27,^FCHI,CAC 40 Francia,equity,EUR,8406.06
2026-07-28,^FCHI,CAC 40 Francia,equity,EUR,8458.78
2026-07-29,^FCHI,CAC 40 Francia,equity,EUR,8408.27
2026-07-30,^FCHI,CAC 40 Francia,equity,EUR,8485.64
2026-07-31,^FCHI,CAC 40 Francia,equity,EUR,8509.64
2026-08-01,^FCHI,CAC 40 Francia,equity,EUR,8509.64
2026-08-02,^FCHI,CAC 40 Francia,equity,EUR,8509.64
2026-08-03,^FCHI,CAC 40 Francia,equity,EUR,8613.82
2026-08-04,^FCHI,CAC 40 Francia,equity,EUR,8666.63
2026-08-05,^FCHI,CAC 40 Francia,equity,EUR,8669.3
2026-08-06,^FCHI,CAC 40 Francia,equity,EUR,8729.39
2026-08-07,^FCHI,CAC 40 Francia,equity,EUR,8714.93
2026-08-08,^FCHI,CAC 40 Francia,equity,EUR,8714.93
2026-08-09,^FCHI,CAC 40 Francia,equity,EUR,8714.93
2026-08-10,^FCHI,CAC 40 Francia,equity,EUR,8726.03
2026-08-11,^FCHI,CAC 40 Francia,equity,EUR,8714.94
2026-08-12,^FCHI,CAC 40 Francia,equity,EUR,8674.94
2026-08-13,^FCHI,CAC 40 Francia,equity,EUR,8650.56
2026-08-14,^FCHI,CAC 40 Francia,equity,EUR,8636.8
2026-08-15,^FCHI,CAC 40 Francia,equity,EUR,8636.8
2026-08-16,^FCHI,CAC 40 Francia,equity,EUR,8636.8
2026-08-17,^FCHI,CAC 40 Francia,equity,EUR,8579.6
2026-08-18,^FCHI,CAC 40 Francia,equity,EUR,8509.36
2026-08-19,^FCHI,CAC 40 Francia,equity,EUR,8501.91
2026-08-20,^FCHI,CAC 40 Francia,equity,EUR,8453.09
2026-08-21,^FCHI,CAC 40 Francia,equity,EUR,8484.43
2026-08-22,^FCHI,CAC 40 Francia,equity,EUR,8484.43
2026-08-23,^FCHI,CAC 40 Francia,equity,EUR,8484.43
2026-08-24,^FCHI,CAC 40 Francia,equity,EUR,8453.01
2026-08-25,^FCHI,CAC 40 Francia,equity,EUR,8452.28
2026-08-28,^FCHI,CAC 40 Francia,equity,EUR,8452.28
2026-08-29,^FCHI,CAC 40 Francia,equity,EUR,8452.28
2026-08-30,^FCHI,CAC 40 Francia,equity,EUR,8452.28
2026-08-31,^FCHI,CAC 40 Francia,equity,EUR,8452.28
2026-09-01,^FCHI,CAC 40 Francia,equity,EUR,8452.28
2026-09-02,^FCHI,CAC 40 Francia,equity,EUR,8452.28
2026-09-03,^FCHI,CAC 40 Francia,equity,EUR,8452.28
2026-06-27,^FTSE,FTSE 100 UK,equity,GBP,10508.02
2026-06-28,^FTSE,FTSE 100 UK,equity,GBP,10508.02
2026-06-29,^FTSE,FTSE 100 UK,equity,GBP,10484.22
2026-06-30,^FTSE,FTSE 100 UK,equity,GBP,10497.12
2026-07-01,^FTSE,FTSE 100 UK,equity,GBP,10478.34
2026-07-02,^FTSE,FTSE 100 UK,equity,GBP,10652.87
2026-07-03,^FTSE,FTSE 100 UK,equity,GBP,10679.03
2026-07-04,^FTSE,FTSE 100 UK,equity,GBP,10679.03
2026-07-05,^FTSE,FTSE 100 UK,equity,GBP,10679.03
2026-07-06,^FTSE,FTSE 100 UK,equity,GBP,10651.77
2026-07-07,^FTSE,FTSE 100 UK,equity,GBP,10665.88
2026-07-08,^FTSE,FTSE 100 UK,equity,GBP,10489.04
2026-07-09,^FTSE,FTSE 100 UK,equity,GBP,10472.45
2026-07-10,^FTSE,FTSE 100 UK,equity,GBP,10497.29
2026-07-11,^FTSE,FTSE 100 UK,equity,GBP,10497.29
2026-07-12,^FTSE,FTSE 100 UK,equity,GBP,10497.29
2026-07-13,^FTSE,FTSE 100 UK,equity,GBP,10498.29
2026-07-14,^FTSE,FTSE 100 UK,equity,GBP,10529.39
2026-07-15,^FTSE,FTSE 100 UK,equity,GBP,10515.92
2026-07-16,^FTSE,FTSE 100 UK,equity,GBP,10572.24
2026-07-17,^FTSE,FTSE 100 UK,equity,GBP,10600.37
2026-07-18,^FTSE,FTSE 100 UK,equity,GBP,10600.37
2026-07-19,^FTSE,FTSE 100 UK,equity,GBP,10600.37
2026-07-20,^FTSE,FTSE 100 UK,equity,GBP,10524.76
2026-07-21,^FTSE,FTSE 100 UK,equity,GBP,10585.91
2026-07-22,^FTSE,FTSE 100 UK,equity,GBP,10716.97
2026-07-23,^FTSE,FTSE 100 UK,equity,GBP,10639.17
2026-07-24,^FTSE,FTSE 100 UK,equity,GBP,10736.23
2026-07-25,^FTSE,FTSE 100 UK,equity,GBP,10736.23
2026-07-26,^FTSE,FTSE 100 UK,equity,GBP,10736.23
2026-07-27,^FTSE,FTSE 100 UK,equity,GBP,10781.75
2026-07-28,^FTSE,FTSE 100 UK,equity,GBP,10871.02
2026-07-29,^FTSE,FTSE 100 UK,equity,GBP,10908.41
2026-07-30,^FTSE,FTSE 100 UK,equity,GBP,10897.27
2026-07-31,^FTSE,FTSE 100 UK,equity,GBP,10868.05
2026-08-01,^FTSE,FTSE 100 UK,equity,GBP,10868.05
2026-08-02,^FTSE,FTSE 100 UK,equity,GBP,10868.05
2026-08-03,^FTSE,FTSE 100 UK,equity,GBP,10857.7
2026-08-04,^FTSE,FTSE 100 UK,equity,GBP,10879.38
2026-08-05,^FTSE,FTSE 100 UK,equity,GBP,10888.3
2026-08-06,^FTSE,FTSE 100 UK,equity,GBP,10920.84
2026-08-07,^FTSE,FTSE 100 UK,equity,GBP,10901.09
2026-08-08,^FTSE,FTSE 100 UK,equity,GBP,10901.09
2026-08-09,^FTSE,FTSE 100 UK,equity,GBP,10901.09
2026-08-10,^FTSE,FTSE 100 UK,equity,GBP,10862.5
2026-08-11,^FTSE,FTSE 100 UK,equity,GBP,10844.19
2026-08-12,^FTSE,FTSE 100 UK,equity,GBP,10833.15
2026-08-13,^FTSE,FTSE 100 UK,equity,GBP,10772.67
2026-08-14,^FTSE,FTSE 100 UK,equity,GBP,10750.11
2026-08-15,^FTSE,FTSE 100 UK,equity,GBP,10750.11
2026-08-16,^FTSE,FTSE 100 UK,equity,GBP,10750.11
2026-08-17,^FTSE,FTSE 100 UK,equity,GBP,10720.3
2026-08-18,^FTSE,FTSE 100 UK,equity,GBP,10728.04
2026-08-19,^FTSE,FTSE 100 UK,equity,GBP,10743.35
2026-08-20,^FTSE,FTSE 100 UK,equity,GBP,10748.16
2026-08-21,^FTSE,FTSE 100 UK,equity,GBP,10816.56
2026-08-22,^FTSE,FTSE 100 UK,equity,GBP,10816.56
2026-08-23,^FTSE,FTSE 100 UK,equity,GBP,10816.56
2026-08-24,^FTSE,FTSE 100 UK,equity,GBP,10854.32
2026-08-25,^FTSE,FTSE 100 UK,equity,GBP,10886.34
2026-08-28,^FTSE,FTSE 100 UK,equity,GBP,10886.34
2026-08-29,^FTSE,FTSE 100 UK,equity,GBP,10886.34
2026-08-30,^FTSE,FTSE 100 UK,equity,GBP,10886.34
2026-08-31,^FTSE,FTSE 100 UK,equity,GBP,10886.34
2026-09-01,^FTSE,FTSE 100 UK,equity,GBP,10886.34
2026-09-02,^FTSE,FTSE 100 UK,equity,GBP,10886.34
2026-09-03,^FTSE,FTSE 100 UK,equity,GBP,10886.34
2026-08-26,^FVX,US 5Y Treasury Yield,rate,PCT,4.37
2026-08-27,^FVX,US 5Y Treasury Yield,rate,PCT,4.38
2026-08-28,^FVX,US 5Y Treasury Yield,rate,PCT,4.48
2026-08-31,^FVX,US 5Y Treasury Yield,rate,PCT,4.49
2026-09-01,^FVX,US 5Y Treasury Yield,rate,PCT,4.55
2026-06-27,^GDAXI,DAX Germania,equity,EUR,24671.22
2026-06-28,^GDAXI,DAX Germania,equity,EUR,24671.22
2026-06-29,^GDAXI,DAX Germania,equity,EUR,24626.89
2026-06-30,^GDAXI,DAX Germania,equity,EUR,24995.81
2026-07-01,^GDAXI,DAX Germania,equity,EUR,25040.28
2026-07-02,^GDAXI,DAX Germania,equity,EUR,25580.88
2026-07-03,^GDAXI,DAX Germania,equity,EUR,25779.31
2026-07-04,^GDAXI,DAX Germania,equity,EUR,25779.31
2026-07-05,^GDAXI,DAX Germania,equity,EUR,25779.31
2026-07-06,^GDAXI,DAX Germania,equity,EUR,25817.89
2026-07-07,^GDAXI,DAX Germania,equity,EUR,25465.25
2026-07-08,^GDAXI,DAX Germania,equity,EUR,24897.45
2026-07-09,^GDAXI,DAX Germania,equity,EUR,25118.27
2026-07-10,^GDAXI,DAX Germania,equity,EUR,25067.09
2026-07-11,^GDAXI,DAX Germania,equity,EUR,25067.09
2026-07-12,^GDAXI,DAX Germania,equity,EUR,25067.09
2026-07-13,^GDAXI,DAX Germania,equity,EUR,25114.25
2026-07-14,^GDAXI,DAX Germania,equity,EUR,25147.03
2026-07-15,^GDAXI,DAX Germania,equity,EUR,24999.53
2026-07-16,^GDAXI,DAX Germania,equity,EUR,24915.49
2026-07-17,^GDAXI,DAX Germania,equity,EUR,24830.98
2026-07-18,^GDAXI,DAX Germania,equity,EUR,24830.98
2026-07-19,^GDAXI,DAX Germania,equity,EUR,24830.98
2026-07-20,^GDAXI,DAX Germania,equity,EUR,24846.69
2026-07-21,^GDAXI,DAX Germania,equity,EUR,25011.35
2026-07-22,^GDAXI,DAX Germania,equity,EUR,25155.41
2026-07-23,^GDAXI,DAX Germania,equity,EUR,24763.12
2026-07-24,^GDAXI,DAX Germania,equity,EUR,25099.0
2026-07-25,^GDAXI,DAX Germania,equity,EUR,25099.0
2026-07-26,^GDAXI,DAX Germania,equity,EUR,25099.0
2026-07-27,^GDAXI,DAX Germania,equity,EUR,25361.03
2026-07-28,^GDAXI,DAX Germania,equity,EUR,25464.01
2026-07-29,^GDAXI,DAX Germania,equity,EUR,25460.48
2026-07-30,^GDAXI,DAX Germania,equity,EUR,25612.03
2026-07-31,^GDAXI,DAX Germania,equity,EUR,25629.24
2026-08-01,^GDAXI,DAX Germania,equity,EUR,25629.24
2026-08-02,^GDAXI,DAX Germania,equity,EUR,25629.24
2026-08-03,^GDAXI,DAX Germania,equity,EUR,26001.31
2026-08-04,^GDAXI,DAX Germania,equity,EUR,26202.35
2026-08-05,^GDAXI,DAX Germania,equity,EUR,26126.3
2026-08-06,^GDAXI,DAX Germania,equity,EUR,26169.89
2026-08-07,^GDAXI,DAX Germania,equity,EUR,26319.45
2026-08-08,^GDAXI,DAX Germania,equity,EUR,26319.45
2026-08-09,^GDAXI,DAX Germania,equity,EUR,26319.45
2026-08-10,^GDAXI,DAX Germania,equity,EUR,26323.88
2026-08-11,^GDAXI,DAX Germania,equity,EUR,26391.42
2026-08-12,^GDAXI,DAX Germania,equity,EUR,26331.07
2026-08-13,^GDAXI,DAX Germania,equity,EUR,26299.74
2026-08-14,^GDAXI,DAX Germania,equity,EUR,26440.31
2026-08-15,^GDAXI,DAX Germania,equity,EUR,26440.31
2026-08-16,^GDAXI,DAX Germania,equity,EUR,26440.31
2026-08-17,^GDAXI,DAX Germania,equity,EUR,26338.61
2026-08-18,^GDAXI,DAX Germania,equity,EUR,26128.36
2026-08-19,^GDAXI,DAX Germania,equity,EUR,26091.33
2026-08-20,^GDAXI,DAX Germania,equity,EUR,25983.04
2026-08-21,^GDAXI,DAX Germania,equity,EUR,26136.56
2026-08-22,^GDAXI,DAX Germania,equity,EUR,26136.56
2026-08-23,^GDAXI,DAX Germania,equity,EUR,26136.56
2026-08-24,^GDAXI,DAX Germania,equity,EUR,26106.6
2026-08-25,^GDAXI,DAX Germania,equity,EUR,26293.18
2026-08-28,^GDAXI,DAX Germania,equity,EUR,26293.18
2026-08-29,^GDAXI,DAX Germania,equity,EUR,26293.18
2026-08-30,^GDAXI,DAX Germania,equity,EUR,26293.18
2026-08-31,^GDAXI,DAX Germania,equity,EUR,26293.18
2026-09-01,^GDAXI,DAX Germania,equity,EUR,26293.18
2026-09-02,^GDAXI,DAX Germania,equity,EUR,26293.18
2026-09-03,^GDAXI,DAX Germania,equity,EUR,26293.18
2026-06-27,^GSPC,S&P 500,equity,PCT,7354.02
2026-06-28,^GSPC,S&P 500,equity,PCT,7354.02
2026-06-29,^GSPC,S&P 500,equity,PCT,7440.43
2026-06-30,^GSPC,S&P 500,equity,PCT,7499.36
2026-07-01,^GSPC,S&P 500,equity,PCT,7483.23
2026-07-02,^GSPC,S&P 500,equity,PCT,7483.24
2026-07-03,^GSPC,S&P 500,equity,PCT,7483.24
2026-07-04,^GSPC,S&P 500,equity,PCT,7483.24
2026-07-05,^GSPC,S&P 500,equity,PCT,7483.24
2026-07-06,^GSPC,S&P 500,equity,PCT,7537.43
2026-07-07,^GSPC,S&P 500,equity,PCT,7503.85
2026-07-08,^GSPC,S&P 500,equity,PCT,7482.71
2026-07-09,^GSPC,S&P 500,equity,PCT,7543.64
2026-07-10,^GSPC,S&P 500,equity,PCT,7575.39
2026-07-11,^GSPC,S&P 500,equity,PCT,7575.39
2026-07-12,^GSPC,S&P 500,equity,PCT,7575.39
2026-07-13,^GSPC,S&P 500,equity,PCT,7515.34
2026-07-14,^GSPC,S&P 500,equity,PCT,7543.59
2026-07-15,^GSPC,S&P 500,equity,PCT,7572.4
2026-07-16,^GSPC,S&P 500,equity,PCT,7533.77
2026-07-17,^GSPC,S&P 500,equity,PCT,7457.69
2026-07-18,^GSPC,S&P 500,equity,PCT,7457.69
2026-07-19,^GSPC,S&P 500,equity,PCT,7457.69
2026-07-20,^GSPC,S&P 500,equity,PCT,7443.28
2026-07-21,^GSPC,S&P 500,equity,PCT,7509.2
2026-07-22,^GSPC,S&P 500,equity,PCT,7498.96
2026-07-23,^GSPC,S&P 500,equity,PCT,7408.3
2026-07-24,^GSPC,S&P 500,equity,PCT,7411.98
2026-07-25,^GSPC,S&P 500,equity,PCT,7411.98
2026-07-26,^GSPC,S&P 500,equity,PCT,7411.98
2026-07-27,^GSPC,S&P 500,equity,PCT,7413.18
2026-07-28,^GSPC,S&P 500,equity,PCT,7428.78
2026-07-29,^GSPC,S&P 500,equity,PCT,7316.15
2026-07-30,^GSPC,S&P 500,equity,PCT,7437.63
2026-07-31,^GSPC,S&P 500,equity,PCT,7489.72
2026-08-01,^GSPC,S&P 500,equity,PCT,7489.72
2026-08-02,^GSPC,S&P 500,equity,PCT,7489.72
2026-08-03,^GSPC,S&P 500,equity,PCT,7600.5
2026-08-04,^GSPC,S&P 500,equity,PCT,7736.52
2026-08-05,^GSPC,S&P 500,equity,PCT,7723.55
2026-08-06,^GSPC,S&P 500,equity,PCT,7723.55
2026-08-07,^GSPC,S&P 500,equity,PCT,7757.64
2026-08-08,^GSPC,S&P 500,equity,PCT,7757.64
2026-08-09,^GSPC,S&P 500,equity,PCT,7757.64
2026-08-10,^GSPC,S&P 500,equity,PCT,7753.11
2026-08-11,^GSPC,S&P 500,equity,PCT,7728.2
2026-08-12,^GSPC,S&P 500,equity,PCT,7748.5
2026-08-13,^GSPC,S&P 500,equity,PCT,7798.99
2026-08-14,^GSPC,S&P 500,equity,PCT,7785.76
2026-08-15,^GSPC,S&P 500,equity,PCT,7785.76
2026-08-16,^GSPC,S&P 500,equity,PCT,7785.76
2026-08-17,^GSPC,S&P 500,equity,PCT,7745.06
2026-08-18,^GSPC,S&P 500,equity,PCT,7691.76
2026-08-19,^GSPC,S&P 500,equity,PCT,7707.98
2026-08-20,^GSPC,S&P 500,equity,PCT,7641.16
2026-08-21,^GSPC,S&P 500,equity,PCT,7674.37
2026-08-22,^GSPC,S&P 500,equity,PCT,7674.37
2026-08-23,^GSPC,S&P 500,equity,PCT,7674.37
2026-08-24,^GSPC,S&P 500,equity,PCT,7652.86
2026-08-25,^GSPC,S&P 500,equity,PCT,7671.13
2026-08-27,^GSPC,S&P 500,equity,PCT,7730.99
2026-08-28,^GSPC,S&P 500,equity,PCT,7711.76
2026-08-31,^GSPC,S&P 500,equity,PCT,7686.14
2026-09-01,^GSPC,S&P 500,equity,PCT,7631.47
2026-09-02,^GSPC,S&P 500,equity,PCT,7666.6
2026-06-27,^HSI,Hang Seng,equity,HKD,22671.86
2026-06-28,^HSI,Hang Seng,equity,HKD,22671.86
2026-06-29,^HSI,Hang Seng,equity,HKD,23026.68
2026-06-30,^HSI,Hang Seng,equity,HKD,22881.02
2026-07-01,^HSI,Hang Seng,equity,HKD,22881.02
2026-07-02,^HSI,Hang Seng,equity,HKD,23055.03
2026-07-03,^HSI,Hang Seng,equity,HKD,23350.03
2026-07-04,^HSI,Hang Seng,equity,HKD,23350.03
2026-07-05,^HSI,Hang Seng,equity,HKD,23350.03
2026-07-06,^HSI,Hang Seng,equity,HKD,23616.32
2026-07-07,^HSI,Hang Seng,equity,HKD,23496.89
2026-07-08,^HSI,Hang Seng,equity,HKD,24199.46
2026-07-09,^HSI,Hang Seng,equity,HKD,24030.18
2026-07-10,^HSI,Hang Seng,equity,HKD,24175.12
2026-07-11,^HSI,Hang Seng,equity,HKD,24175.12
2026-07-12,^HSI,Hang Seng,equity,HKD,24175.12
2026-07-13,^HSI,Hang Seng,equity,HKD,24213.72
2026-07-14,^HSI,Hang Seng,equity,HKD,24340.73
2026-07-15,^HSI,Hang Seng,equity,HKD,24681.1
2026-07-16,^HSI,Hang Seng,equity,HKD,25008.6
2026-07-17,^HSI,Hang Seng,equity,HKD,24562.24
2026-07-18,^HSI,Hang Seng,equity,HKD,24562.24
2026-07-19,^HSI,Hang Seng,equity,HKD,24562.24
2026-07-20,^HSI,Hang Seng,equity,HKD,25143.05
2026-07-21,^HSI,Hang Seng,equity,HKD,25132.29
2026-07-22,^HSI,Hang Seng,equity,HKD,24892.66
2026-07-23,^HSI,Hang Seng,equity,HKD,25210.81
2026-07-24,^HSI,Hang Seng,equity,HKD,24963.23
2026-07-25,^HSI,Hang Seng,equity,HKD,24963.23
2026-07-26,^HSI,Hang Seng,equity,HKD,24963.23
2026-07-27,^HSI,Hang Seng,equity,HKD,25207.18
2026-07-28,^HSI,Hang Seng,equity,HKD,25310.85
2026-07-29,^HSI,Hang Seng,equity,HKD,25807.92
2026-07-30,^HSI,Hang Seng,equity,HKD,25858.88
2026-07-31,^HSI,Hang Seng,equity,HKD,25884.43
2026-08-01,^HSI,Hang Seng,equity,HKD,25884.43
2026-08-02,^HSI,Hang Seng,equity,HKD,25884.43
2026-08-03,^HSI,Hang Seng,equity,HKD,26009.4
2026-08-04,^HSI,Hang Seng,equity,HKD,25852.92
2026-08-05,^HSI,Hang Seng,equity,HKD,25915.82
2026-08-06,^HSI,Hang Seng,equity,HKD,25497.49
2026-08-07,^HSI,Hang Seng,equity,HKD,25668.03
2026-08-08,^HSI,Hang Seng,equity,HKD,25668.03
2026-08-09,^HSI,Hang Seng,equity,HKD,25668.03
2026-08-10,^HSI,Hang Seng,equity,HKD,25937.49
2026-08-11,^HSI,Hang Seng,equity,HKD,25652.82
2026-08-12,^HSI,Hang Seng,equity,HKD,25440.17
2026-08-13,^HSI,Hang Seng,equity,HKD,25396.51
2026-08-14,^HSI,Hang Seng,equity,HKD,25116.85
2026-08-15,^HSI,Hang Seng,equity,HKD,25116.85
2026-08-16,^HSI,Hang Seng,equity,HKD,25116.85
2026-08-17,^HSI,Hang Seng,equity,HKD,25453.23
2026-08-18,^HSI,Hang Seng,equity,HKD,25471.15
2026-08-19,^HSI,Hang Seng,equity,HKD,25495.07
2026-08-20,^HSI,Hang Seng,equity,HKD,25698.49
2026-08-21,^HSI,Hang Seng,equity,HKD,26009.46
2026-08-22,^HSI,Hang Seng,equity,HKD,26009.46
2026-08-23,^HSI,Hang Seng,equity,HKD,26009.46
2026-08-24,^HSI,Hang Seng,equity,HKD,25517.33
2026-08-25,^HSI,Hang Seng,equity,HKD,25511.1
2026-08-28,^HSI,Hang Seng,equity,HKD,25511.1
2026-08-29,^HSI,Hang Seng,equity,HKD,25511.1
2026-08-30,^HSI,Hang Seng,equity,HKD,25511.1
2026-08-31,^HSI,Hang Seng,equity,HKD,25511.1
2026-09-01,^HSI,Hang Seng,equity,HKD,25511.1
2026-09-02,^HSI,Hang Seng,equity,HKD,25511.1
2026-09-03,^HSI,Hang Seng,equity,HKD,25511.1
2026-06-27,^IXIC,Nasdaq Composite,equity,PCT,25297.617
2026-06-28,^IXIC,Nasdaq Composite,equity,PCT,25297.617
2026-06-29,^IXIC,Nasdaq Composite,equity,PCT,25820.145
2026-06-30,^IXIC,Nasdaq Composite,equity,PCT,26213.719
2026-07-01,^IXIC,Nasdaq Composite,equity,PCT,26040.031
2026-07-02,^IXIC,Nasdaq Composite,equity,PCT,25832.672
2026-07-03,^IXIC,Nasdaq Composite,equity,PCT,25832.672
2026-07-04,^IXIC,Nasdaq Composite,equity,PCT,25832.672
2026-07-05,^IXIC,Nasdaq Composite,equity,PCT,25832.672
2026-07-06,^IXIC,Nasdaq Composite,equity,PCT,26121.16
2026-07-07,^IXIC,Nasdaq Composite,equity,PCT,25818.69
2026-07-08,^IXIC,Nasdaq Composite,equity,PCT,25870.652
2026-07-09,^IXIC,Nasdaq Composite,equity,PCT,26206.89
2026-07-10,^IXIC,Nasdaq Composite,equity,PCT,26281.607
2026-07-11,^IXIC,Nasdaq Composite,equity,PCT,26281.607
2026-07-12,^IXIC,Nasdaq Composite,equity,PCT,26281.607
2026-07-13,^IXIC,Nasdaq Composite,equity,PCT,25873.176
2026-07-14,^IXIC,Nasdaq Composite,equity,PCT,26107.008
2026-07-15,^IXIC,Nasdaq Composite,equity,PCT,26269.227
2026-07-16,^IXIC,Nasdaq Composite,equity,PCT,25881.947
2026-07-17,^IXIC,Nasdaq Composite,equity,PCT,25520.244
2026-07-18,^IXIC,Nasdaq Composite,equity,PCT,25520.244
2026-07-19,^IXIC,Nasdaq Composite,equity,PCT,25520.244
2026-07-20,^IXIC,Nasdaq Composite,equity,PCT,25508.072
2026-07-21,^IXIC,Nasdaq Composite,equity,PCT,25837.207
2026-07-22,^IXIC,Nasdaq Composite,equity,PCT,25690.902
2026-07-23,^IXIC,Nasdaq Composite,equity,PCT,25137.693
2026-07-24,^IXIC,Nasdaq Composite,equity,PCT,24975.824
2026-07-25,^IXIC,Nasdaq Composite,equity,PCT,24975.824
2026-07-26,^IXIC,Nasdaq Composite,equity,PCT,24975.824
2026-07-27,^IXIC,Nasdaq Composite,equity,PCT,24932.082
2026-07-28,^IXIC,Nasdaq Composite,equity,PCT,24876.912
2026-07-29,^IXIC,Nasdaq Composite,equity,PCT,24442.941
2026-07-30,^IXIC,Nasdaq Composite,equity,PCT,25122.178
2026-07-31,^IXIC,Nasdaq Composite,equity,PCT,25373.854
2026-08-01,^IXIC,Nasdaq Composite,equity,PCT,25373.854
2026-08-02,^IXIC,Nasdaq Composite,equity,PCT,25373.854
2026-08-03,^IXIC,Nasdaq Composite,equity,PCT,25913.896
2026-08-04,^IXIC,Nasdaq Composite,equity,PCT,26584.992
2026-08-05,^IXIC,Nasdaq Composite,equity,PCT,26363.44
2026-08-06,^IXIC,Nasdaq Composite,equity,PCT,26363.44
2026-08-07,^IXIC,Nasdaq Composite,equity,PCT,26690.615
2026-08-08,^IXIC,Nasdaq Composite,equity,PCT,26690.615
2026-08-09,^IXIC,Nasdaq Composite,equity,PCT,26690.615
2026-08-10,^IXIC,Nasdaq Composite,equity,PCT,26605.357
2026-08-11,^IXIC,Nasdaq Composite,equity,PCT,26445.445
2026-08-12,^IXIC,Nasdaq Composite,equity,PCT,26588.488
2026-08-13,^IXIC,Nasdaq Composite,equity,PCT,26803.025
2026-08-14,^IXIC,Nasdaq Composite,equity,PCT,26729.164
2026-08-15,^IXIC,Nasdaq Composite,equity,PCT,26729.164
2026-08-16,^IXIC,Nasdaq Composite,equity,PCT,26729.164
2026-08-17,^IXIC,Nasdaq Composite,equity,PCT,26644.91
2026-08-18,^IXIC,Nasdaq Composite,equity,PCT,26289.71
2026-08-19,^IXIC,Nasdaq Composite,equity,PCT,26331.09
2026-08-20,^IXIC,Nasdaq Composite,equity,PCT,26067.166
2026-08-21,^IXIC,Nasdaq Composite,equity,PCT,26180.455
2026-08-22,^IXIC,Nasdaq Composite,equity,PCT,26180.455
2026-08-23,^IXIC,Nasdaq Composite,equity,PCT,26180.455
2026-08-24,^IXIC,Nasdaq Composite,equity,PCT,25980.191
2026-08-25,^IXIC,Nasdaq Composite,equity,PCT,26131.762
2026-08-27,^IXIC,Nasdaq Composite,equity,PCT,26541.35
2026-08-28,^IXIC,Nasdaq Composite,equity,PCT,26402.42
2026-08-31,^IXIC,Nasdaq Composite,equity,PCT,26370.89
2026-09-01,^IXIC,Nasdaq Composite,equity,PCT,26099.77
2026-09-02,^IXIC,Nasdaq Composite,equity,PCT,26217.83
2026-06-27,^N225,Nikkei 225,equity,JPY,69360.88
2026-06-28,^N225,Nikkei 225,equity,JPY,69360.88
2026-06-29,^N225,Nikkei 225,equity,JPY,69468.11
2026-06-30,^N225,Nikkei 225,equity,JPY,70062.32
2026-07-01,^N225,Nikkei 225,equity,JPY,70474.96
2026-07-02,^N225,Nikkei 225,equity,JPY,68733.15
2026-07-03,^N225,Nikkei 225,equity,JPY,69744.07
2026-07-04,^N225,Nikkei 225,equity,JPY,69744.07
2026-07-05,^N225,Nikkei 225,equity,JPY,69744.07
2026-07-06,^N225,Nikkei 225,equity,JPY,69737.69
2026-07-07,^N225,Nikkei 225,equity,JPY,68256.96
2026-07-08,^N225,Nikkei 225,equity,JPY,66819.05
2026-07-09,^N225,Nikkei 225,equity,JPY,67743.85
2026-07-10,^N225,Nikkei 225,equity,JPY,68557.73
2026-07-11,^N225,Nikkei 225,equity,JPY,68557.73
2026-07-12,^N225,Nikkei 225,equity,JPY,68557.73
2026-07-13,^N225,Nikkei 225,equity,JPY,67242.73
2026-07-14,^N225,Nikkei 225,equity,JPY,67743.5
2026-07-15,^N225,Nikkei 225,equity,JPY,68751.51
2026-07-16,^N225,Nikkei 225,equity,JPY,66835.54
2026-07-17,^N225,Nikkei 225,equity,JPY,64141.12
2026-07-18,^N225,Nikkei 225,equity,JPY,64141.12
2026-07-19,^N225,Nikkei 225,equity,JPY,64141.12
2026-07-20,^N225,Nikkei 225,equity,JPY,64141.12
2026-07-21,^N225,Nikkei 225,equity,JPY,66232.19
2026-07-22,^N225,Nikkei 225,equity,JPY,66115.6
2026-07-23,^N225,Nikkei 225,equity,JPY,66422.6
2026-07-24,^N225,Nikkei 225,equity,JPY,64611.15
2026-07-25,^N225,Nikkei 225,equity,JPY,64611.15
2026-07-26,^N225,Nikkei 225,equity,JPY,64611.15
2026-07-27,^N225,Nikkei 225,equity,JPY,64931.19
2026-07-28,^N225,Nikkei 225,equity,JPY,62364.92
2026-07-29,^N225,Nikkei 225,equity,JPY,61434.19
2026-07-30,^N225,Nikkei 225,equity,JPY,61867.43
2026-07-31,^N225,Nikkei 225,equity,JPY,64362.02
2026-08-01,^N225,Nikkei 225,equity,JPY,64362.02
2026-08-02,^N225,Nikkei 225,equity,JPY,64362.02
2026-08-03,^N225,Nikkei 225,equity,JPY,63754.9
2026-08-04,^N225,Nikkei 225,equity,JPY,63957.53
2026-08-05,^N225,Nikkei 225,equity,JPY,66300.44
2026-08-06,^N225,Nikkei 225,equity,JPY,65683.26
2026-08-07,^N225,Nikkei 225,equity,JPY,65606.71
2026-08-08,^N225,Nikkei 225,equity,JPY,65606.71
2026-08-09,^N225,Nikkei 225,equity,JPY,65606.71
2026-08-10,^N225,Nikkei 225,equity,JPY,66970.22
2026-08-11,^N225,Nikkei 225,equity,JPY,66970.22
2026-08-12,^N225,Nikkei 225,equity,JPY,67524.06
2026-08-13,^N225,Nikkei 225,equity,JPY,68308.59
2026-08-14,^N225,Nikkei 225,equity,JPY,68713.8
2026-08-15,^N225,Nikkei 225,equity,JPY,68713.8
2026-08-16,^N225,Nikkei 225,equity,JPY,68713.8
2026-08-17,^N225,Nikkei 225,equity,JPY,69220.25
2026-08-18,^N225,Nikkei 225,equity,JPY,67460.73
2026-08-19,^N225,Nikkei 225,equity,JPY,65326.42
2026-08-20,^N225,Nikkei 225,equity,JPY,66216.79
2026-08-21,^N225,Nikkei 225,equity,JPY,66016.36
2026-08-22,^N225,Nikkei 225,equity,JPY,66016.36
2026-08-23,^N225,Nikkei 225,equity,JPY,66016.36
2026-08-24,^N225,Nikkei 225,equity,JPY,65528.09
2026-08-25,^N225,Nikkei 225,equity,JPY,65856.43
2026-08-28,^N225,Nikkei 225,equity,JPY,65856.43
2026-08-29,^N225,Nikkei 225,equity,JPY,65856.43
2026-08-30,^N225,Nikkei 225,equity,JPY,65856.43
2026-08-31,^N225,Nikkei 225,equity,JPY,65856.43
2026-09-01,^N225,Nikkei 225,equity,JPY,65856.43
2026-09-02,^N225,Nikkei 225,equity,JPY,65856.43
2026-09-03,^N225,Nikkei 225,equity,JPY,65856.43
2026-06-27,^RUT,Russell 2000,equity,USD,3010.0845
2026-06-28,^RUT,Russell 2000,equity,USD,3010.084
2026-06-29,^RUT,Russell 2000,equity,USD,3010.4167
2026-06-30,^RUT,Russell 2000,equity,USD,3024.367
2026-07-01,^RUT,Russell 2000,equity,USD,3012.5896
2026-07-02,^RUT,Russell 2000,equity,USD,2996.1104
2026-07-03,^RUT,Russell 2000,equity,USD,2996.1104
2026-07-04,^RUT,Russell 2000,equity,USD,2996.1104
2026-07-05,^RUT,Russell 2000,equity,USD,2996.11
2026-07-06,^RUT,Russell 2000,equity,USD,3009.5413
2026-07-07,^RUT,Russell 2000,equity,USD,2982.488
2026-07-08,^RUT,Russell 2000,equity,USD,2956.389
2026-07-09,^RUT,Russell 2000,equity,USD,2992.5415
2026-07-10,^RUT,Russell 2000,equity,USD,2977.8052
2026-07-11,^RUT,Russell 2000,equity,USD,2977.8052
2026-07-12,^RUT,Russell 2000,equity,USD,2977.805
2026-07-13,^RUT,Russell 2000,equity,USD,2953.1663
2026-07-14,^RUT,Russell 2000,equity,USD,2964.764
2026-07-15,^RUT,Russell 2000,equity,USD,2976.259
2026-07-16,^RUT,Russell 2000,equity,USD,2974.567
2026-07-17,^RUT,Russell 2000,equity,USD,2962.217
2026-07-18,^RUT,Russell 2000,equity,USD,2962.217
2026-07-19,^RUT,Russell 2000,equity,USD,2962.217
2026-07-20,^RUT,Russell 2000,equity,USD,2942.4294
2026-07-21,^RUT,Russell 2000,equity,USD,2987.3953
2026-07-22,^RUT,Russell 2000,equity,USD,2959.9382
2026-07-23,^RUT,Russell 2000,equity,USD,2940.1628
2026-07-24,^RUT,Russell 2000,equity,USD,2929.9988
2026-07-25,^RUT,Russell 2000,equity,USD,2929.9988
2026-07-26,^RUT,Russell 2000,equity,USD,2929.999
2026-07-27,^RUT,Russell 2000,equity,USD,2948.035
2026-07-28,^RUT,Russell 2000,equity,USD,2953.8
2026-07-29,^RUT,Russell 2000,equity,USD,2906.3098
2026-07-30,^RUT,Russell 2000,equity,USD,2946.101
2026-07-31,^RUT,Russell 2000,equity,USD,2931.339
2026-08-01,^RUT,Russell 2000,equity,USD,2931.339
2026-08-02,^RUT,Russell 2000,equity,USD,2931.339
2026-08-03,^RUT,Russell 2000,equity,USD,2981.908
2026-08-04,^RUT,Russell 2000,equity,USD,3036.9753
2026-08-05,^RUT,Russell 2000,equity,USD,3019.188
2026-08-06,^RUT,Russell 2000,equity,USD,3019.188
2026-08-07,^RUT,Russell 2000,equity,USD,3034.4941
2026-08-08,^RUT,Russell 2000,equity,USD,3034.4941
2026-08-09,^RUT,Russell 2000,equity,USD,3034.494
2026-08-10,^RUT,Russell 2000,equity,USD,3017.397
2026-08-11,^RUT,Russell 2000,equity,USD,3027.115
2026-08-12,^RUT,Russell 2000,equity,USD,3045.483
2026-08-13,^RUT,Russell 2000,equity,USD,3052.847
2026-08-14,^RUT,Russell 2000,equity,USD,3068.415
2026-08-15,^RUT,Russell 2000,equity,USD,3068.415
2026-08-16,^RUT,Russell 2000,equity,USD,3068.415
2026-08-17,^RUT,Russell 2000,equity,USD,3057.5398
2026-08-18,^RUT,Russell 2000,equity,USD,3017.8792
2026-08-19,^RUT,Russell 2000,equity,USD,3032.942
2026-08-20,^RUT,Russell 2000,equity,USD,2992.434
2026-08-21,^RUT,Russell 2000,equity,USD,3017.8708
2026-08-22,^RUT,Russell 2000,equity,USD,3017.871
2026-08-23,^RUT,Russell 2000,equity,USD,3017.871
2026-08-24,^RUT,Russell 2000,equity,USD,2995.08
2026-08-25,^RUT,Russell 2000,equity,USD,3007.096
2026-08-28,^RUT,Russell 2000,equity,USD,3007.096
2026-08-29,^RUT,Russell 2000,equity,USD,3007.096
2026-08-30,^RUT,Russell 2000,equity,USD,3007.096
2026-08-31,^RUT,Russell 2000,equity,USD,3007.096
2026-09-01,^RUT,Russell 2000,equity,USD,3007.096
2026-09-02,^RUT,Russell 2000,equity,USD,3007.096
2026-09-03,^RUT,Russell 2000,equity,USD,3007.096
2026-06-27,^STOXX50E,Euro Stoxx 50,equity,,6221.55
2026-06-28,^STOXX50E,Euro Stoxx 50,equity,,6221.55
2026-06-29,^STOXX50E,Euro Stoxx 50,equity,,6231.63
2026-06-30,^STOXX50E,Euro Stoxx 50,equity,,6328.09
2026-07-01,^STOXX50E,Euro Stoxx 50,equity,,6282.5
2026-07-02,^STOXX50E,Euro Stoxx 50,equity,,6360.47
2026-07-03,^STOXX50E,Euro Stoxx 50,equity,,6412.68
2026-07-04,^STOXX50E,Euro Stoxx 50,equity,,6412.68
2026-07-05,^STOXX50E,Euro Stoxx 50,equity,,6412.68
2026-07-06,^STOXX50E,Euro Stoxx 50,equity,,6398.01
2026-07-07,^STOXX50E,Euro Stoxx 50,equity,,6319.86
2026-07-08,^STOXX50E,Euro Stoxx 50,equity,,6204.91
2026-07-09,^STOXX50E,Euro Stoxx 50,equity,,6284.27
2026-07-10,^STOXX50E,Euro Stoxx 50,equity,,6269.97
2026-07-11,^STOXX50E,Euro Stoxx 50,equity,,6269.97
2026-07-12,^STOXX50E,Euro Stoxx 50,equity,,6269.97
2026-07-13,^STOXX50E,Euro Stoxx 50,equity,,6271.02
2026-07-14,^STOXX50E,Euro Stoxx 50,equity,,6280.19
2026-07-15,^STOXX50E,Euro Stoxx 50,equity,,6265.58
2026-07-16,^STOXX50E,Euro Stoxx 50,equity,,6283.61
2026-07-17,^STOXX50E,Euro Stoxx 50,equity,,6230.87
2026-07-18,^STOXX50E,Euro Stoxx 50,equity,,6230.87
2026-07-19,^STOXX50E,Euro Stoxx 50,equity,,6230.87
2026-07-20,^STOXX50E,Euro Stoxx 50,equity,,6227.4
2026-07-21,^STOXX50E,Euro Stoxx 50,equity,,6285.63
2026-07-22,^STOXX50E,Euro Stoxx 50,equity,,6316.99
2026-07-23,^STOXX50E,Euro Stoxx 50,equity,,6210.17
2026-07-24,^STOXX50E,Euro Stoxx 50,equity,,6280.94
2026-07-25,^STOXX50E,Euro Stoxx 50,equity,,6280.94
2026-07-26,^STOXX50E,Euro Stoxx 50,equity,,6280.94
2026-07-27,^STOXX50E,Euro Stoxx 50,equity,,6282.21
2026-07-28,^STOXX50E,Euro Stoxx 50,equity,,6289.51
2026-07-29,^STOXX50E,Euro Stoxx 50,equity,,6248.84
2026-07-30,^STOXX50E,Euro Stoxx 50,equity,,6344.4
2026-07-31,^STOXX50E,Euro Stoxx 50,equity,,6358.01
2026-08-01,^STOXX50E,Euro Stoxx 50,equity,,6358.01
2026-08-02,^STOXX50E,Euro Stoxx 50,equity,,6358.01
2026-08-03,^STOXX50E,Euro Stoxx 50,equity,,6426.5
2026-08-04,^STOXX50E,Euro Stoxx 50,equity,,6486.7
2026-08-05,^STOXX50E,Euro Stoxx 50,equity,,6476.98
2026-08-06,^STOXX50E,Euro Stoxx 50,equity,,6508.58
2026-08-07,^STOXX50E,Euro Stoxx 50,equity,,6523.86
2026-08-08,^STOXX50E,Euro Stoxx 50,equity,,6523.86
2026-08-09,^STOXX50E,Euro Stoxx 50,equity,,6523.86
2026-08-10,^STOXX50E,Euro Stoxx 50,equity,,6535.62
2026-08-11,^STOXX50E,Euro Stoxx 50,equity,,6551.22
2026-08-12,^STOXX50E,Euro Stoxx 50,equity,,6533.99
2026-08-13,^STOXX50E,Euro Stoxx 50,equity,,6545.47
2026-08-14,^STOXX50E,Euro Stoxx 50,equity,,6539.59
2026-08-15,^STOXX50E,Euro Stoxx 50,equity,,6539.59
2026-08-16,^STOXX50E,Euro Stoxx 50,equity,,6539.59
2026-08-17,^STOXX50E,Euro Stoxx 50,equity,,6530.45
2026-08-18,^STOXX50E,Euro Stoxx 50,equity,,6468.17
2026-08-19,^STOXX50E,Euro Stoxx 50,equity,,6444.46
2026-08-20,^STOXX50E,Euro Stoxx 50,equity,,6422.06
2026-08-21,^STOXX50E,Euro Stoxx 50,equity,,6462.22
2026-08-22,^STOXX50E,Euro Stoxx 50,equity,,6462.22
2026-08-23,^STOXX50E,Euro Stoxx 50,equity,,6462.22
2026-08-24,^STOXX50E,Euro Stoxx 50,equity,,6447.98
2026-08-25,^STOXX50E,Euro Stoxx 50,equity,,6461.45
2026-08-28,^STOXX50E,Euro Stoxx 50,equity,,6461.45
2026-08-29,^STOXX50E,Euro Stoxx 50,equity,,6461.45
2026-08-30,^STOXX50E,Euro Stoxx 50,equity,,6461.45
2026-08-31,^STOXX50E,Euro Stoxx 50,equity,,6461.45
2026-09-01,^STOXX50E,Euro Stoxx 50,equity,,6461.45
2026-09-02,^STOXX50E,Euro Stoxx 50,equity,,6461.45
2026-09-03,^STOXX50E,Euro Stoxx 50,equity,,6461.45
2026-06-27,^TNX,US 10Y Treasury Yield,rate,PCT,4.372
2026-06-28,^TNX,US 10Y Treasury Yield,rate,PCT,4.372
2026-06-29,^TNX,US 10Y Treasury Yield,rate,PCT,4.374
2026-06-30,^TNX,US 10Y Treasury Yield,rate,PCT,4.418
2026-07-01,^TNX,US 10Y Treasury Yield,rate,PCT,4.475
2026-07-02,^TNX,US 10Y Treasury Yield,rate,PCT,4.485
2026-07-03,^TNX,US 10Y Treasury Yield,rate,PCT,4.4849997
2026-07-04,^TNX,US 10Y Treasury Yield,rate,PCT,4.4849997
2026-07-05,^TNX,US 10Y Treasury Yield,rate,PCT,4.485
2026-07-06,^TNX,US 10Y Treasury Yield,rate,PCT,4.479
2026-07-07,^TNX,US 10Y Treasury Yield,rate,PCT,4.529
2026-07-08,^TNX,US 10Y Treasury Yield,rate,PCT,4.569
2026-07-09,^TNX,US 10Y Treasury Yield,rate,PCT,4.539
2026-07-10,^TNX,US 10Y Treasury Yield,rate,PCT,4.569
2026-07-11,^TNX,US 10Y Treasury Yield,rate,PCT,4.569
2026-07-12,^TNX,US 10Y Treasury Yield,rate,PCT,4.569
2026-07-13,^TNX,US 10Y Treasury Yield,rate,PCT,4.609
2026-07-14,^TNX,US 10Y Treasury Yield,rate,PCT,4.585
2026-07-15,^TNX,US 10Y Treasury Yield,rate,PCT,4.545
2026-07-16,^TNX,US 10Y Treasury Yield,rate,PCT,4.569
2026-07-17,^TNX,US 10Y Treasury Yield,rate,PCT,4.541
2026-07-18,^TNX,US 10Y Treasury Yield,rate,PCT,4.541
2026-07-19,^TNX,US 10Y Treasury Yield,rate,PCT,4.541
2026-07-20,^TNX,US 10Y Treasury Yield,rate,PCT,4.598
2026-07-21,^TNX,US 10Y Treasury Yield,rate,PCT,4.628
2026-07-22,^TNX,US 10Y Treasury Yield,rate,PCT,4.657
2026-07-23,^TNX,US 10Y Treasury Yield,rate,PCT,4.703
2026-07-24,^TNX,US 10Y Treasury Yield,rate,PCT,4.679
2026-07-25,^TNX,US 10Y Treasury Yield,rate,PCT,4.679
2026-07-26,^TNX,US 10Y Treasury Yield,rate,PCT,4.679
2026-07-27,^TNX,US 10Y Treasury Yield,rate,PCT,4.641
2026-07-28,^TNX,US 10Y Treasury Yield,rate,PCT,4.604
2026-07-29,^TNX,US 10Y Treasury Yield,rate,PCT,4.622
2026-07-30,^TNX,US 10Y Treasury Yield,rate,PCT,4.663
2026-07-31,^TNX,US 10Y Treasury Yield,rate,PCT,4.745
2026-08-01,^TNX,US 10Y Treasury Yield,rate,PCT,4.745
2026-08-02,^TNX,US 10Y Treasury Yield,rate,PCT,4.745
2026-08-03,^TNX,US 10Y Treasury Yield,rate,PCT,4.686
2026-08-04,^TNX,US 10Y Treasury Yield,rate,PCT,4.627
2026-08-05,^TNX,US 10Y Treasury Yield,rate,PCT,4.617
2026-08-06,^TNX,US 10Y Treasury Yield,rate,PCT,4.617
2026-08-07,^TNX,US 10Y Treasury Yield,rate,PCT,4.66
2026-08-08,^TNX,US 10Y Treasury Yield,rate,PCT,4.66
2026-08-09,^TNX,US 10Y Treasury Yield,rate,PCT,4.66
2026-08-10,^TNX,US 10Y Treasury Yield,rate,PCT,4.699
2026-08-11,^TNX,US 10Y Treasury Yield,rate,PCT,4.684
2026-08-12,^TNX,US 10Y Treasury Yield,rate,PCT,4.682
2026-08-13,^TNX,US 10Y Treasury Yield,rate,PCT,4.641
2026-08-14,^TNX,US 10Y Treasury Yield,rate,PCT,4.696
2026-08-15,^TNX,US 10Y Treasury Yield,rate,PCT,4.696
2026-08-16,^TNX,US 10Y Treasury Yield,rate,PCT,4.696
2026-08-17,^TNX,US 10Y Treasury Yield,rate,PCT,4.724
2026-08-18,^TNX,US 10Y Treasury Yield,rate,PCT,4.706
2026-08-19,^TNX,US 10Y Treasury Yield,rate,PCT,4.653
2026-08-20,^TNX,US 10Y Treasury Yield,rate,PCT,4.696
2026-08-21,^TNX,US 10Y Treasury Yield,rate,PCT,4.738
2026-08-22,^TNX,US 10Y Treasury Yield,rate,PCT,4.738
2026-08-23,^TNX,US 10Y Treasury Yield,rate,PCT,4.738
2026-08-24,^TNX,US 10Y Treasury Yield,rate,PCT,4.704
2026-08-25,^TNX,US 10Y Treasury Yield,rate,PCT,4.647
2026-08-26,^TNX,US 10Y Treasury Yield,rate,PCT,4.66
2026-08-27,^TNX,US 10Y Treasury Yield,rate,PCT,4.67
2026-08-28,^TNX,US 10Y Treasury Yield,rate,PCT,4.73
2026-08-31,^TNX,US 10Y Treasury Yield,rate,PCT,4.75
2026-09-01,^TNX,US 10Y Treasury Yield,rate,PCT,4.79
2026-08-26,^TYX,US 30Y Treasury Yield,rate,PCT,5.18
2026-08-27,^TYX,US 30Y Treasury Yield,rate,PCT,5.19
2026-08-28,^TYX,US 30Y Treasury Yield,rate,PCT,5.22
2026-08-31,^TYX,US 30Y Treasury Yield,rate,PCT,5.25
2026-09-01,^TYX,US 30Y Treasury Yield,rate,PCT,5.27
2026-06-27,^VIX,VIX (volatilita),vol,PCT,18.41
2026-06-28,^VIX,VIX (volatilita),vol,PCT,18.41
2026-06-29,^VIX,VIX (volatilita),vol,PCT,17.65
2026-06-30,^VIX,VIX (volatilita),vol,PCT,16.45
2026-07-01,^VIX,VIX (volatilita),vol,PCT,16.59
2026-07-02,^VIX,VIX (volatilita),vol,PCT,16.15
2026-07-03,^VIX,VIX (volatilita),vol,PCT,15.81
2026-07-04,^VIX,VIX (volatilita),vol,PCT,15.81
2026-07-05,^VIX,VIX (volatilita),vol,PCT,15.81
2026-07-06,^VIX,VIX (volatilita),vol,PCT,15.57
2026-07-07,^VIX,VIX (volatilita),vol,PCT,16.13
2026-07-08,^VIX,VIX (volatilita),vol,PCT,16.9
2026-07-09,^VIX,VIX (volatilita),vol,PCT,15.84
2026-07-10,^VIX,VIX (volatilita),vol,PCT,15.03
2026-07-11,^VIX,VIX (volatilita),vol,PCT,15.03
2026-07-12,^VIX,VIX (volatilita),vol,PCT,15.03
2026-07-13,^VIX,VIX (volatilita),vol,PCT,17.16
2026-07-14,^VIX,VIX (volatilita),vol,PCT,16.5
2026-07-15,^VIX,VIX (volatilita),vol,PCT,15.67
2026-07-16,^VIX,VIX (volatilita),vol,PCT,16.73
2026-07-17,^VIX,VIX (volatilita),vol,PCT,18.77
2026-07-18,^VIX,VIX (volatilita),vol,PCT,18.77
2026-07-19,^VIX,VIX (volatilita),vol,PCT,18.77
2026-07-20,^VIX,VIX (volatilita),vol,PCT,18.65
2026-07-21,^VIX,VIX (volatilita),vol,PCT,17.05
2026-07-22,^VIX,VIX (volatilita),vol,PCT,16.64
2026-07-23,^VIX,VIX (volatilita),vol,PCT,18.7
2026-07-24,^VIX,VIX (volatilita),vol,PCT,18.58
2026-07-25,^VIX,VIX (volatilita),vol,PCT,18.58
2026-07-26,^VIX,VIX (volatilita),vol,PCT,18.58
2026-07-27,^VIX,VIX (volatilita),vol,PCT,18.67
2026-07-28,^VIX,VIX (volatilita),vol,PCT,18.21
2026-07-29,^VIX,VIX (volatilita),vol,PCT,20.66
2026-07-30,^VIX,VIX (volatilita),vol,PCT,17.09
2026-07-31,^VIX,VIX (volatilita),vol,PCT,15.99
2026-08-01,^VIX,VIX (volatilita),vol,PCT,15.99
2026-08-02,^VIX,VIX (volatilita),vol,PCT,15.99
2026-08-03,^VIX,VIX (volatilita),vol,PCT,15.86
2026-08-04,^VIX,VIX (volatilita),vol,PCT,16.5
2026-08-05,^VIX,VIX (volatilita),vol,PCT,15.81
2026-08-06,^VIX,VIX (volatilita),vol,PCT,15.85
2026-08-07,^VIX,VIX (volatilita),vol,PCT,14.9
2026-08-08,^VIX,VIX (volatilita),vol,PCT,14.9
2026-08-09,^VIX,VIX (volatilita),vol,PCT,14.9
2026-08-10,^VIX,VIX (volatilita),vol,PCT,15.46
2026-08-11,^VIX,VIX (volatilita),vol,PCT,15.28
2026-08-12,^VIX,VIX (volatilita),vol,PCT,14.55
2026-08-13,^VIX,VIX (volatilita),vol,PCT,14.63
2026-08-14,^VIX,VIX (volatilita),vol,PCT,14.27
2026-08-15,^VIX,VIX (volatilita),vol,PCT,14.25
2026-08-16,^VIX,VIX (volatilita),vol,PCT,14.25
2026-08-17,^VIX,VIX (volatilita),vol,PCT,15.2
2026-08-18,^VIX,VIX (volatilita),vol,PCT,15.83
2026-08-19,^VIX,VIX (volatilita),vol,PCT,14.87
2026-08-20,^VIX,VIX (volatilita),vol,PCT,16.0
2026-08-21,^VIX,VIX (volatilita),vol,PCT,15.15
2026-08-22,^VIX,VIX (volatilita),vol,PCT,15.13
2026-08-23,^VIX,VIX (volatilita),vol,PCT,15.13
2026-08-24,^VIX,VIX (volatilita),vol,PCT,15.84
2026-08-25,^VIX,VIX (volatilita),vol,PCT,15.64
2026-08-26,^VIX,VIX (volatilita),vol,PCT,15.21
2026-08-27,^VIX,VIX (volatilita),vol,PCT,14.51
2026-08-28,^VIX,VIX (volatilita),vol,PCT,14.43
2026-08-31,^VIX,VIX (volatilita),vol,PCT,14.92
2026-09-01,^VIX,VIX (volatilita),vol,PCT,16.34
2026-09-02,^VIX,VIX (volatilita),vol,PCT,15.2
